"date.time","Site","Region","Farm","site_ID","Plot","Moisture","treatment","Day"
2017-07-16 12:00:00,"B1","Border",1,"Border1","D1",14.3,"D",0
2017-07-24 12:00:00,"B1","Border",1,"Border1","D1",25.7,"D",8
2017-08-01 12:00:00,"B1","Border",1,"Border1","D1",45.3,"D",16
2017-08-17 12:00:00,"B1","Border",1,"Border1","D1",52.9,"D",32
2017-07-16 12:00:00,"B1","Border",1,"Border1","C1",57.6,"C",0
2017-07-24 12:00:00,"B1","Border",1,"Border1","C1",57.3,"C",8
2017-08-01 12:00:00,"B1","Border",1,"Border1","C1",60.6,"C",16
2017-08-17 12:00:00,"B1","Border",1,"Border1","C1",61.7,"C",32
2017-07-16 12:00:00,"B1","Border",1,"Border1","D2",18.2,"D",0
2017-07-24 12:00:00,"B1","Border",1,"Border1","D2",22.2,"D",8
2017-08-01 12:00:00,"B1","Border",1,"Border1","D2",31.3,"D",16
2017-08-17 12:00:00,"B1","Border",1,"Border1","D2",41.6,"D",32
2017-07-16 12:00:00,"B1","Border",1,"Border1","C2",55.2,"C",0
2017-07-24 12:00:00,"B1","Border",1,"Border1","C2",54.8,"C",8
2017-08-01 12:00:00,"B1","Border",1,"Border1","C2",59.3,"C",16
2017-08-17 12:00:00,"B1","Border",1,"Border1","C2",59.3,"C",32
2017-07-16 12:00:00,"B1","Border",1,"Border1","C3",47.8,"C",0
2017-07-24 12:00:00,"B1","Border",1,"Border1","C3",50.7,"C",8
2017-08-01 12:00:00,"B1","Border",1,"Border1","C3",59.8,"C",16
2017-08-17 12:00:00,"B1","Border",1,"Border1","C3",54.1,"C",32
2017-07-16 12:00:00,"B1","Border",1,"Border1","D3",18,"D",0
2017-07-24 12:00:00,"B1","Border",1,"Border1","D3",18.4,"D",8
2017-08-01 12:00:00,"B1","Border",1,"Border1","D3",19.4,"D",16
2017-08-17 12:00:00,"B1","Border",1,"Border1","D3",27.7,"D",32
2017-07-17 12:00:00,"B3","Border",3,"Border3","D1",56.7,"D",0
2017-07-25 12:00:00,"B3","Border",3,"Border3","D1",54.9,"D",8
2017-08-02 12:00:00,"B3","Border",3,"Border3","D1",65.9,"D",16
2017-08-18 12:00:00,"B3","Border",3,"Border3","D1",59.7,"D",32
2017-09-19 12:00:00,"B3","Border",3,"Border3","D1",67.3,"D",64
2017-07-17 12:00:00,"B3","Border",3,"Border3","C1",30.4,"C",0
2017-07-25 12:00:00,"B3","Border",3,"Border3","C1",39.8,"C",8
2017-08-02 12:00:00,"B3","Border",3,"Border3","C1",53.1,"C",16
2017-08-18 12:00:00,"B3","Border",3,"Border3","C1",45.1,"C",32
2017-09-19 12:00:00,"B3","Border",3,"Border3","C1",62.1,"C",64
2017-07-17 12:00:00,"B3","Border",3,"Border3","D2",16.6,"D",0
2017-07-25 12:00:00,"B3","Border",3,"Border3","D2",24.4,"D",8
2017-08-02 12:00:00,"B3","Border",3,"Border3","D2",43.9,"D",16
2017-08-18 12:00:00,"B3","Border",3,"Border3","D2",33,"D",32
2017-09-19 12:00:00,"B3","Border",3,"Border3","D2",58.2,"D",64
2017-07-17 12:00:00,"B3","Border",3,"Border3","C3",43.9,"C",0
2017-07-25 12:00:00,"B3","Border",3,"Border3","C3",50.9,"C",8
2017-08-02 12:00:00,"B3","Border",3,"Border3","C3",64.2,"C",16
2017-08-18 12:00:00,"B3","Border",3,"Border3","C3",55.6,"C",32
2017-09-19 12:00:00,"B3","Border",3,"Border3","C3",69.8,"C",64
2017-07-17 12:00:00,"B3","Border",3,"Border3","C2",44.7,"C",0
2017-07-25 12:00:00,"B3","Border",3,"Border3","C2",58.7,"C",8
2017-08-02 12:00:00,"B3","Border",3,"Border3","C2",70.4,"C",16
2017-08-18 12:00:00,"B3","Border",3,"Border3","C2",64.3,"C",32
2017-09-19 12:00:00,"B3","Border",3,"Border3","C2",71.7,"C",64
2017-07-17 12:00:00,"B3","Border",3,"Border3","D3",24.8,"D",0
2017-07-25 12:00:00,"B3","Border",3,"Border3","D3",34,"D",8
2017-08-02 12:00:00,"B3","Border",3,"Border3","D3",54.5,"D",16
2017-08-18 12:00:00,"B3","Border",3,"Border3","D3",53,"D",32
2017-09-19 12:00:00,"B3","Border",3,"Border3","D3",67.3,"D",64
2017-07-17 12:00:00,"B5","Border",5,"Border5","D1",18.3,"D",0
2017-07-25 12:00:00,"B5","Border",5,"Border5","D1",16.8,"D",8
2017-08-02 12:00:00,"B5","Border",5,"Border5","D1",37.6,"D",16
2017-08-18 12:00:00,"B5","Border",5,"Border5","D1",56.4,"D",32
2017-09-19 12:00:00,"B5","Border",5,"Border5","D1",62.4,"D",64
2017-07-17 12:00:00,"B5","Border",5,"Border5","C1",43,"C",0
2017-07-25 12:00:00,"B5","Border",5,"Border5","C1",54.7,"C",8
2017-08-02 12:00:00,"B5","Border",5,"Border5","C1",80.7,"C",16
2017-08-18 12:00:00,"B5","Border",5,"Border5","C1",79,"C",32
2017-09-19 12:00:00,"B5","Border",5,"Border5","C1",73.1,"C",64
2017-07-17 12:00:00,"B5","Border",5,"Border5","D2",12,"D",0
2017-07-25 12:00:00,"B5","Border",5,"Border5","D2",11.4,"D",8
2017-08-02 12:00:00,"B5","Border",5,"Border5","D2",14.4,"D",16
2017-08-18 12:00:00,"B5","Border",5,"Border5","D2",31.7,"D",32
2017-09-19 12:00:00,"B5","Border",5,"Border5","D2",50.8,"D",64
2017-07-17 12:00:00,"B5","Border",5,"Border5","C2",53.5,"C",0
2017-07-25 12:00:00,"B5","Border",5,"Border5","C2",61,"C",8
2017-08-02 12:00:00,"B5","Border",5,"Border5","C2",82.7,"C",16
2017-08-18 12:00:00,"B5","Border",5,"Border5","C2",82.5,"C",32
2017-09-19 12:00:00,"B5","Border",5,"Border5","C2",85.3,"C",64
2017-07-17 12:00:00,"B5","Border",5,"Border5","C3",53.1,"C",0
2017-07-25 12:00:00,"B5","Border",5,"Border5","C3",57.9,"C",8
2017-08-02 12:00:00,"B5","Border",5,"Border5","C3",71.2,"C",16
2017-08-18 12:00:00,"B5","Border",5,"Border5","C3",71.2,"C",32
2017-09-19 12:00:00,"B5","Border",5,"Border5","C3",77.4,"C",64
2017-07-17 12:00:00,"B5","Border",5,"Border5","D3",24.1,"D",0
2017-07-25 12:00:00,"B5","Border",5,"Border5","D3",23.3,"D",8
2017-08-02 12:00:00,"B5","Border",5,"Border5","D3",29.4,"D",16
2017-08-18 12:00:00,"B5","Border",5,"Border5","D3",51.3,"D",32
2017-09-19 12:00:00,"B5","Border",5,"Border5","D3",57.6,"D",64
2017-07-18 12:00:00,"D1","Dublin",1,"Dublin1","D1",26.5,"D",0
2017-07-26 12:00:00,"D1","Dublin",1,"Dublin1","D1",39.4,"D",8
2017-08-03 12:00:00,"D1","Dublin",1,"Dublin1","D1",40.4,"D",16
2017-08-19 12:00:00,"D1","Dublin",1,"Dublin1","D1",38.4,"D",32
2017-09-20 12:00:00,"D1","Dublin",1,"Dublin1","D1",44.5,"D",64
2017-07-18 12:00:00,"D1","Dublin",1,"Dublin1","C1",27.4,"C",0
2017-07-26 12:00:00,"D1","Dublin",1,"Dublin1","C1",45.2,"C",8
2017-08-03 12:00:00,"D1","Dublin",1,"Dublin1","C1",50.6,"C",16
2017-08-19 12:00:00,"D1","Dublin",1,"Dublin1","C1",51.7,"C",32
2017-09-20 12:00:00,"D1","Dublin",1,"Dublin1","C1",59.2,"C",64
2017-07-18 12:00:00,"D1","Dublin",1,"Dublin1","D2",13,"D",0
2017-07-26 12:00:00,"D1","Dublin",1,"Dublin1","D2",16.7,"D",8
2017-08-03 12:00:00,"D1","Dublin",1,"Dublin1","D2",22,"D",16
2017-08-19 12:00:00,"D1","Dublin",1,"Dublin1","D2",31.6,"D",32
2017-09-20 12:00:00,"D1","Dublin",1,"Dublin1","D2",41,"D",64
2017-07-18 12:00:00,"D1","Dublin",1,"Dublin1","C2",32.1,"C",0
2017-07-26 12:00:00,"D1","Dublin",1,"Dublin1","C2",47,"C",8
2017-08-03 12:00:00,"D1","Dublin",1,"Dublin1","C2",47.5,"C",16
2017-08-19 12:00:00,"D1","Dublin",1,"Dublin1","C2",42.7,"C",32
2017-09-20 12:00:00,"D1","Dublin",1,"Dublin1","C2",45.9,"C",64
2017-07-18 12:00:00,"D1","Dublin",1,"Dublin1","D3",33.6,"D",0
2017-07-26 12:00:00,"D1","Dublin",1,"Dublin1","D3",45.6,"D",8
2017-08-03 12:00:00,"D1","Dublin",1,"Dublin1","D3",44.7,"D",16
2017-08-19 12:00:00,"D1","Dublin",1,"Dublin1","D3",40.6,"D",32
2017-09-20 12:00:00,"D1","Dublin",1,"Dublin1","D3",43.4,"D",64
2017-07-18 12:00:00,"D1","Dublin",1,"Dublin1","C3",28.4,"C",0
2017-07-26 12:00:00,"D1","Dublin",1,"Dublin1","C3",46,"C",8
2017-08-03 12:00:00,"D1","Dublin",1,"Dublin1","C3",47,"C",16
2017-08-19 12:00:00,"D1","Dublin",1,"Dublin1","C3",44.4,"C",32
2017-09-20 12:00:00,"D1","Dublin",1,"Dublin1","C3",49.6,"C",64
2017-07-23 12:00:00,"D2","Dublin",2,"Dublin2","D1",18.9,"D",0
2017-07-31 12:00:00,"D2","Dublin",2,"Dublin2","D1",24.9,"D",8
2017-08-08 12:00:00,"D2","Dublin",2,"Dublin2","D1",24.5,"D",16
2017-08-24 12:00:00,"D2","Dublin",2,"Dublin2","D1",35.8,"D",32
2017-09-25 12:00:00,"D2","Dublin",2,"Dublin2","D1",49,"D",64
2017-07-23 12:00:00,"D2","Dublin",2,"Dublin2","C1",28.7,"C",0
2017-07-31 12:00:00,"D2","Dublin",2,"Dublin2","C1",41.4,"C",8
2017-08-08 12:00:00,"D2","Dublin",2,"Dublin2","C1",34,"C",16
2017-08-24 12:00:00,"D2","Dublin",2,"Dublin2","C1",39.1,"C",32
2017-09-25 12:00:00,"D2","Dublin",2,"Dublin2","C1",49.4,"C",64
2017-07-23 12:00:00,"D2","Dublin",2,"Dublin2","D2",14.4,"D",0
2017-07-31 12:00:00,"D2","Dublin",2,"Dublin2","D2",16.8,"D",8
2017-08-08 12:00:00,"D2","Dublin",2,"Dublin2","D2",16.7,"D",16
2017-08-24 12:00:00,"D2","Dublin",2,"Dublin2","D2",21.6,"D",32
2017-09-25 12:00:00,"D2","Dublin",2,"Dublin2","D2",NA,"D",64
2017-07-23 12:00:00,"D2","Dublin",2,"Dublin2","C2",28.4,"C",0
2017-07-31 12:00:00,"D2","Dublin",2,"Dublin2","C2",39.1,"C",8
2017-08-08 12:00:00,"D2","Dublin",2,"Dublin2","C2",32.5,"C",16
2017-08-24 12:00:00,"D2","Dublin",2,"Dublin2","C2",41.1,"C",32
2017-09-25 12:00:00,"D2","Dublin",2,"Dublin2","C2",50.4,"C",64
2017-07-23 12:00:00,"D2","Dublin",2,"Dublin2","C3",26.6,"C",0
2017-07-31 12:00:00,"D2","Dublin",2,"Dublin2","C3",32,"C",8
2017-08-08 12:00:00,"D2","Dublin",2,"Dublin2","C3",25.7,"C",16
2017-08-24 12:00:00,"D2","Dublin",2,"Dublin2","C3",30.3,"C",32
2017-09-25 12:00:00,"D2","Dublin",2,"Dublin2","C3",46.8,"C",64
2017-07-23 12:00:00,"D2","Dublin",2,"Dublin2","D3",17.9,"D",0
2017-07-31 12:00:00,"D2","Dublin",2,"Dublin2","D3",20.9,"D",8
2017-08-08 12:00:00,"D2","Dublin",2,"Dublin2","D3",18.8,"D",16
2017-08-24 12:00:00,"D2","Dublin",2,"Dublin2","D3",23.6,"D",32
2017-09-25 12:00:00,"D2","Dublin",2,"Dublin2","D3",46.2,"D",64
2017-07-23 12:00:00,"D3","Dublin",3,"Dublin3","D1",15.5,"D",0
2017-07-31 12:00:00,"D3","Dublin",3,"Dublin3","D1",17.3,"D",8
2017-08-08 12:00:00,"D3","Dublin",3,"Dublin3","D1",18.6,"D",16
2017-08-24 12:00:00,"D3","Dublin",3,"Dublin3","D1",27,"D",32
2017-09-25 12:00:00,"D3","Dublin",3,"Dublin3","D1",48.1,"D",64
2017-07-23 12:00:00,"D3","Dublin",3,"Dublin3","C1",55.2,"C",0
2017-07-31 12:00:00,"D3","Dublin",3,"Dublin3","C1",56.3,"C",8
2017-08-08 12:00:00,"D3","Dublin",3,"Dublin3","C1",53.1,"C",16
2017-08-24 12:00:00,"D3","Dublin",3,"Dublin3","C1",61.2,"C",32
2017-09-25 12:00:00,"D3","Dublin",3,"Dublin3","C1",63.7,"C",64
2017-07-23 12:00:00,"D3","Dublin",3,"Dublin3","D2",16.3,"D",0
2017-07-31 12:00:00,"D3","Dublin",3,"Dublin3","D2",17.7,"D",8
2017-08-08 12:00:00,"D3","Dublin",3,"Dublin3","D2",19.1,"D",16
2017-08-24 12:00:00,"D3","Dublin",3,"Dublin3","D2",26.1,"D",32
2017-09-25 12:00:00,"D3","Dublin",3,"Dublin3","D2",50.7,"D",64
2017-07-23 12:00:00,"D3","Dublin",3,"Dublin3","C2",55.1,"C",0
2017-07-31 12:00:00,"D3","Dublin",3,"Dublin3","C2",56.4,"C",8
2017-08-08 12:00:00,"D3","Dublin",3,"Dublin3","C2",54.5,"C",16
2017-08-24 12:00:00,"D3","Dublin",3,"Dublin3","C2",58.6,"C",32
2017-09-25 12:00:00,"D3","Dublin",3,"Dublin3","C2",61.5,"C",64
2017-07-23 12:00:00,"D3","Dublin",3,"Dublin3","C3",42.8,"C",0
2017-07-31 12:00:00,"D3","Dublin",3,"Dublin3","C3",47.3,"C",8
2017-08-08 12:00:00,"D3","Dublin",3,"Dublin3","C3",39.3,"C",16
2017-08-24 12:00:00,"D3","Dublin",3,"Dublin3","C3",45.6,"C",32
2017-09-25 12:00:00,"D3","Dublin",3,"Dublin3","C3",59.9,"C",64
2017-07-23 12:00:00,"D3","Dublin",3,"Dublin3","D3",13.7,"D",0
2017-07-31 12:00:00,"D3","Dublin",3,"Dublin3","D3",17,"D",8
2017-08-08 12:00:00,"D3","Dublin",3,"Dublin3","D3",18.7,"D",16
2017-08-24 12:00:00,"D3","Dublin",3,"Dublin3","D3",34.5,"D",32
2017-09-25 12:00:00,"D3","Dublin",3,"Dublin3","D3",46.8,"D",64
2017-07-25 12:00:00,"D4","Dublin",4,"Dublin4","D1",15.9,"D",0
2017-08-02 12:00:00,"D4","Dublin",4,"Dublin4","D1",27.4,"D",8
2017-08-10 12:00:00,"D4","Dublin",4,"Dublin4","D1",25.3,"D",16
2017-08-26 12:00:00,"D4","Dublin",4,"Dublin4","D1",42.1,"D",32
2017-09-27 12:00:00,"D4","Dublin",4,"Dublin4","D1",57.3,"D",64
2017-07-25 12:00:00,"D4","Dublin",4,"Dublin4","C1",48.1,"C",0
2017-08-02 12:00:00,"D4","Dublin",4,"Dublin4","C1",47.6,"C",8
2017-08-10 12:00:00,"D4","Dublin",4,"Dublin4","C1",40.7,"C",16
2017-08-26 12:00:00,"D4","Dublin",4,"Dublin4","C1",52.5,"C",32
2017-09-27 12:00:00,"D4","Dublin",4,"Dublin4","C1",58.8,"C",64
2017-07-25 12:00:00,"D4","Dublin",4,"Dublin4","D2",10.9,"D",0
2017-08-02 12:00:00,"D4","Dublin",4,"Dublin4","D2",22,"D",8
2017-08-10 12:00:00,"D4","Dublin",4,"Dublin4","D2",20.8,"D",16
2017-08-26 12:00:00,"D4","Dublin",4,"Dublin4","D2",42.2,"D",32
2017-09-27 12:00:00,"D4","Dublin",4,"Dublin4","D2",57.3,"D",64
2017-07-25 12:00:00,"D4","Dublin",4,"Dublin4","C2",41.6,"C",0
2017-08-02 12:00:00,"D4","Dublin",4,"Dublin4","C2",55.6,"C",8
2017-08-10 12:00:00,"D4","Dublin",4,"Dublin4","C2",39.5,"C",16
2017-08-26 12:00:00,"D4","Dublin",4,"Dublin4","C2",58.1,"C",32
2017-09-27 12:00:00,"D4","Dublin",4,"Dublin4","C2",61.5,"C",64
2017-07-25 12:00:00,"D4","Dublin",4,"Dublin4","C3",33.2,"C",0
2017-08-02 12:00:00,"D4","Dublin",4,"Dublin4","C3",46.2,"C",8
2017-08-10 12:00:00,"D4","Dublin",4,"Dublin4","C3",31.4,"C",16
2017-08-26 12:00:00,"D4","Dublin",4,"Dublin4","C3",46.6,"C",32
2017-09-27 12:00:00,"D4","Dublin",4,"Dublin4","C3",55.5,"C",64
2017-07-25 12:00:00,"D4","Dublin",4,"Dublin4","D3",9.2,"D",0
2017-08-02 12:00:00,"D4","Dublin",4,"Dublin4","D3",11.9,"D",8
2017-08-10 12:00:00,"D4","Dublin",4,"Dublin4","D3",11.5,"D",16
2017-08-26 12:00:00,"D4","Dublin",4,"Dublin4","D3",24.1,"D",32
2017-09-27 12:00:00,"D4","Dublin",4,"Dublin4","D3",43.7,"D",64
2017-07-25 12:00:00,"D5","Dublin",5,"Dublin5","D1",71.7,"D",0
2017-08-02 12:00:00,"D5","Dublin",5,"Dublin5","D1",87.7,"D",8
2017-08-10 12:00:00,"D5","Dublin",5,"Dublin5","D1",70.6,"D",16
2017-08-26 12:00:00,"D5","Dublin",5,"Dublin5","D1",81,"D",32
2017-07-25 12:00:00,"D5","Dublin",5,"Dublin5","C1",63.7,"C",0
2017-08-02 12:00:00,"D5","Dublin",5,"Dublin5","C1",95.9,"C",8
2017-08-10 12:00:00,"D5","Dublin",5,"Dublin5","C1",65.7,"C",16
2017-08-26 12:00:00,"D5","Dublin",5,"Dublin5","C1",85.2,"C",32
2017-07-25 12:00:00,"D5","Dublin",5,"Dublin5","D2",77.5,"D",0
2017-08-02 12:00:00,"D5","Dublin",5,"Dublin5","D2",88.8,"D",8
2017-08-10 12:00:00,"D5","Dublin",5,"Dublin5","D2",78.8,"D",16
2017-08-26 12:00:00,"D5","Dublin",5,"Dublin5","D2",87.7,"D",32
2017-07-25 12:00:00,"D5","Dublin",5,"Dublin5","C2",70.8,"C",0
2017-08-02 12:00:00,"D5","Dublin",5,"Dublin5","C2",93.2,"C",8
2017-08-10 12:00:00,"D5","Dublin",5,"Dublin5","C2",72.9,"C",16
2017-08-26 12:00:00,"D5","Dublin",5,"Dublin5","C2",84.8,"C",32
2017-07-25 12:00:00,"D5","Dublin",5,"Dublin5","C3",63.6,"C",0
2017-08-02 12:00:00,"D5","Dublin",5,"Dublin5","C3",86.8,"C",8
2017-08-10 12:00:00,"D5","Dublin",5,"Dublin5","C3",64.6,"C",16
2017-08-26 12:00:00,"D5","Dublin",5,"Dublin5","C3",78.7,"C",32
2017-07-25 12:00:00,"D5","Dublin",5,"Dublin5","D3",83.9,"D",0
2017-08-02 12:00:00,"D5","Dublin",5,"Dublin5","D3",94.2,"D",8
2017-08-10 12:00:00,"D5","Dublin",5,"Dublin5","D3",81.9,"D",16
2017-08-26 12:00:00,"D5","Dublin",5,"Dublin5","D3",91.6,"D",32
2017-07-28 12:00:00,"L1","Limerick",1,"Limerick1","D1",10.4,"D",0
2017-08-05 12:00:00,"L1","Limerick",1,"Limerick1","D1",22.7,"D",8
2017-08-13 12:00:00,"L1","Limerick",1,"Limerick1","D1",33.2,"D",16
2017-08-29 12:00:00,"L1","Limerick",1,"Limerick1","D1",46.7,"D",32
2017-09-30 12:00:00,"L1","Limerick",1,"Limerick1","D1",54.2,"D",64
2017-07-28 12:00:00,"L1","Limerick",1,"Limerick1","C1",46.6,"C",0
2017-08-05 12:00:00,"L1","Limerick",1,"Limerick1","C1",46.3,"C",8
2017-08-13 12:00:00,"L1","Limerick",1,"Limerick1","C1",49.1,"C",16
2017-08-29 12:00:00,"L1","Limerick",1,"Limerick1","C1",51.8,"C",32
2017-09-30 12:00:00,"L1","Limerick",1,"Limerick1","C1",60.2,"C",64
2017-07-28 12:00:00,"L1","Limerick",1,"Limerick1","D2",57.1,"D",0
2017-08-05 12:00:00,"L1","Limerick",1,"Limerick1","D2",52.7,"D",8
2017-08-13 12:00:00,"L1","Limerick",1,"Limerick1","D2",54.9,"D",16
2017-08-29 12:00:00,"L1","Limerick",1,"Limerick1","D2",57.2,"D",32
2017-09-30 12:00:00,"L1","Limerick",1,"Limerick1","D2",NA,"D",64
2017-07-28 12:00:00,"L1","Limerick",1,"Limerick1","C2",52.7,"C",0
2017-08-05 12:00:00,"L1","Limerick",1,"Limerick1","C2",51.1,"C",8
2017-08-13 12:00:00,"L1","Limerick",1,"Limerick1","C2",53.5,"C",16
2017-08-29 12:00:00,"L1","Limerick",1,"Limerick1","C2",52.7,"C",32
2017-09-30 12:00:00,"L1","Limerick",1,"Limerick1","C2",68.5,"C",64
2017-07-28 12:00:00,"L1","Limerick",1,"Limerick1","C3",49.3,"C",0
2017-08-05 12:00:00,"L1","Limerick",1,"Limerick1","C3",47.9,"C",8
2017-08-13 12:00:00,"L1","Limerick",1,"Limerick1","C3",47.9,"C",16
2017-08-29 12:00:00,"L1","Limerick",1,"Limerick1","C3",57.7,"C",32
2017-09-30 12:00:00,"L1","Limerick",1,"Limerick1","C3",64.3,"C",64
2017-07-28 12:00:00,"L1","Limerick",1,"Limerick1","D3",5.2,"D",0
2017-08-05 12:00:00,"L1","Limerick",1,"Limerick1","D3",19.4,"D",8
2017-08-13 12:00:00,"L1","Limerick",1,"Limerick1","D3",28.3,"D",16
2017-08-29 12:00:00,"L1","Limerick",1,"Limerick1","D3",42.4,"D",32
2017-09-30 12:00:00,"L1","Limerick",1,"Limerick1","D3",47,"D",64
2017-08-08 12:00:00,"L2","Limerick",2,"Limerick2","D1",NA,"D",0
2017-08-16 12:00:00,"L2","Limerick",2,"Limerick2","D1",NA,"D",8
2017-08-24 12:00:00,"L2","Limerick",2,"Limerick2","D1",NA,"D",16
2017-09-09 12:00:00,"L2","Limerick",2,"Limerick2","D1",NA,"D",32
2017-10-11 12:00:00,"L2","Limerick",2,"Limerick2","D1",NA,"D",64
2017-08-08 12:00:00,"L2","Limerick",2,"Limerick2","C1",NA,"C",0
2017-08-16 12:00:00,"L2","Limerick",2,"Limerick2","C1",NA,"C",8
2017-08-24 12:00:00,"L2","Limerick",2,"Limerick2","C1",NA,"C",16
2017-09-09 12:00:00,"L2","Limerick",2,"Limerick2","C1",NA,"C",32
2017-10-11 12:00:00,"L2","Limerick",2,"Limerick2","C1",22.6,"C",64
2017-08-08 12:00:00,"L2","Limerick",2,"Limerick2","D2",NA,"D",0
2017-08-16 12:00:00,"L2","Limerick",2,"Limerick2","D2",NA,"D",8
2017-08-24 12:00:00,"L2","Limerick",2,"Limerick2","D2",NA,"D",16
2017-09-09 12:00:00,"L2","Limerick",2,"Limerick2","D2",NA,"D",32
2017-10-11 12:00:00,"L2","Limerick",2,"Limerick2","D2",22.6,"D",64
2017-08-08 12:00:00,"L2","Limerick",2,"Limerick2","C2",NA,"C",0
2017-08-16 12:00:00,"L2","Limerick",2,"Limerick2","C2",NA,"C",8
2017-08-24 12:00:00,"L2","Limerick",2,"Limerick2","C2",NA,"C",16
2017-09-09 12:00:00,"L2","Limerick",2,"Limerick2","C2",NA,"C",32
2017-10-11 12:00:00,"L2","Limerick",2,"Limerick2","C2",22.6,"C",64
2017-08-08 12:00:00,"L2","Limerick",2,"Limerick2","C3",NA,"C",0
2017-08-16 12:00:00,"L2","Limerick",2,"Limerick2","C3",NA,"C",8
2017-08-24 12:00:00,"L2","Limerick",2,"Limerick2","C3",NA,"C",16
2017-09-09 12:00:00,"L2","Limerick",2,"Limerick2","C3",NA,"C",32
2017-10-11 12:00:00,"L2","Limerick",2,"Limerick2","C3",22.6,"C",64
2017-08-08 12:00:00,"L2","Limerick",2,"Limerick2","D3",NA,"D",0
2017-08-16 12:00:00,"L2","Limerick",2,"Limerick2","D3",NA,"D",8
2017-08-24 12:00:00,"L2","Limerick",2,"Limerick2","D3",NA,"D",16
2017-09-09 12:00:00,"L2","Limerick",2,"Limerick2","D3",NA,"D",32
2017-10-11 12:00:00,"L2","Limerick",2,"Limerick2","D3",22.6,"D",64
2017-07-28 12:00:00,"L3","Limerick",3,"Limerick3","D1",39.4,"D",0
2017-08-05 12:00:00,"L3","Limerick",3,"Limerick3","D1",46.7,"D",8
2017-08-13 12:00:00,"L3","Limerick",3,"Limerick3","D1",48.3,"D",16
2017-08-29 12:00:00,"L3","Limerick",3,"Limerick3","D1",61.6,"D",32
2017-09-30 12:00:00,"L3","Limerick",3,"Limerick3","D1",65.6,"D",64
2017-07-28 12:00:00,"L3","Limerick",3,"Limerick3","C1",67.6,"C",0
2017-08-05 12:00:00,"L3","Limerick",3,"Limerick3","C1",66,"C",8
2017-08-13 12:00:00,"L3","Limerick",3,"Limerick3","C1",62.3,"C",16
2017-08-29 12:00:00,"L3","Limerick",3,"Limerick3","C1",62.5,"C",32
2017-09-30 12:00:00,"L3","Limerick",3,"Limerick3","C1",73.3,"C",64
2017-07-28 12:00:00,"L3","Limerick",3,"Limerick3","D2",15.1,"D",0
2017-08-05 12:00:00,"L3","Limerick",3,"Limerick3","D2",16.7,"D",8
2017-08-13 12:00:00,"L3","Limerick",3,"Limerick3","D2",20.2,"D",16
2017-08-29 12:00:00,"L3","Limerick",3,"Limerick3","D2",41.4,"D",32
2017-09-30 12:00:00,"L3","Limerick",3,"Limerick3","D2",52.6,"D",64
2017-07-28 12:00:00,"L3","Limerick",3,"Limerick3","C2",59.4,"C",0
2017-08-05 12:00:00,"L3","Limerick",3,"Limerick3","C2",59.3,"C",8
2017-08-13 12:00:00,"L3","Limerick",3,"Limerick3","C2",57.7,"C",16
2017-08-29 12:00:00,"L3","Limerick",3,"Limerick3","C2",64,"C",32
2017-09-30 12:00:00,"L3","Limerick",3,"Limerick3","C2",62.1,"C",64
2017-07-28 12:00:00,"L3","Limerick",3,"Limerick3","C3",66.6,"C",0
2017-08-05 12:00:00,"L3","Limerick",3,"Limerick3","C3",66.3,"C",8
2017-08-13 12:00:00,"L3","Limerick",3,"Limerick3","C3",65.3,"C",16
2017-08-29 12:00:00,"L3","Limerick",3,"Limerick3","C3",67.9,"C",32
2017-09-30 12:00:00,"L3","Limerick",3,"Limerick3","C3",69.9,"C",64
2017-07-28 12:00:00,"L3","Limerick",3,"Limerick3","D3",68.3,"D",0
2017-08-05 12:00:00,"L3","Limerick",3,"Limerick3","D3",66.4,"D",8
2017-08-13 12:00:00,"L3","Limerick",3,"Limerick3","D3",65,"D",16
2017-08-29 12:00:00,"L3","Limerick",3,"Limerick3","D3",67.3,"D",32
2017-09-30 12:00:00,"L3","Limerick",3,"Limerick3","D3",69.9,"D",64
2017-08-08 12:00:00,"L4","Limerick",4,"Limerick4","D1",18.7,"D",0
2017-08-16 12:00:00,"L4","Limerick",4,"Limerick4","D1",18.4,"D",8
2017-08-24 12:00:00,"L4","Limerick",4,"Limerick4","D1",25,"D",16
2017-09-09 12:00:00,"L4","Limerick",4,"Limerick4","D1",35.2,"D",32
2017-10-11 12:00:00,"L4","Limerick",4,"Limerick4","D1",56.2,"D",64
2017-08-08 12:00:00,"L4","Limerick",4,"Limerick4","C1",22.4,"C",0
2017-08-16 12:00:00,"L4","Limerick",4,"Limerick4","C1",22.5,"C",8
2017-08-24 12:00:00,"L4","Limerick",4,"Limerick4","C1",42.5,"C",16
2017-09-09 12:00:00,"L4","Limerick",4,"Limerick4","C1",43.9,"C",32
2017-10-11 12:00:00,"L4","Limerick",4,"Limerick4","C1",66,"C",64
2017-08-08 12:00:00,"L4","Limerick",4,"Limerick4","D2",62.2,"D",0
2017-08-16 12:00:00,"L4","Limerick",4,"Limerick4","D2",60.6,"D",8
2017-08-24 12:00:00,"L4","Limerick",4,"Limerick4","D2",69.5,"D",16
2017-09-09 12:00:00,"L4","Limerick",4,"Limerick4","D2",34,"D",32
2017-10-11 12:00:00,"L4","Limerick",4,"Limerick4","D2",45.8,"D",64
2017-08-08 12:00:00,"L4","Limerick",4,"Limerick4","C3",15.7,"C",0
2017-08-16 12:00:00,"L4","Limerick",4,"Limerick4","C3",16.6,"C",8
2017-08-24 12:00:00,"L4","Limerick",4,"Limerick4","C3",33.6,"C",16
2017-09-09 12:00:00,"L4","Limerick",4,"Limerick4","C3",51,"C",32
2017-10-11 12:00:00,"L4","Limerick",4,"Limerick4","C3",71.3,"C",64
2017-08-08 12:00:00,"L4","Limerick",4,"Limerick4","C2",22.4,"C",0
2017-08-16 12:00:00,"L4","Limerick",4,"Limerick4","C2",24.3,"C",8
2017-08-24 12:00:00,"L4","Limerick",4,"Limerick4","C2",45,"C",16
2017-09-09 12:00:00,"L4","Limerick",4,"Limerick4","C2",46.2,"C",32
2017-10-11 12:00:00,"L4","Limerick",4,"Limerick4","C2",63.6,"C",64
2017-08-08 12:00:00,"L4","Limerick",4,"Limerick4","D3",63.1,"D",0
2017-08-16 12:00:00,"L4","Limerick",4,"Limerick4","D3",59.8,"D",8
2017-08-24 12:00:00,"L4","Limerick",4,"Limerick4","D3",67.7,"D",16
2017-09-09 12:00:00,"L4","Limerick",4,"Limerick4","D3",65,"D",32
2017-10-11 12:00:00,"L4","Limerick",4,"Limerick4","D3",73.7,"D",64
2017-07-28 12:00:00,"L5","Limerick",5,"Limerick5","D1",17.7,"D",0
2017-08-05 12:00:00,"L5","Limerick",5,"Limerick5","D1",25.8,"D",8
2017-08-13 12:00:00,"L5","Limerick",5,"Limerick5","D1",28.2,"D",16
2017-08-29 12:00:00,"L5","Limerick",5,"Limerick5","D1",37.3,"D",32
2017-09-30 12:00:00,"L5","Limerick",5,"Limerick5","D1",48.9,"D",64
2017-07-28 12:00:00,"L5","Limerick",5,"Limerick5","C1",44.2,"C",0
2017-08-05 12:00:00,"L5","Limerick",5,"Limerick5","C1",42.8,"C",8
2017-08-13 12:00:00,"L5","Limerick",5,"Limerick5","C1",40.6,"C",16
2017-08-29 12:00:00,"L5","Limerick",5,"Limerick5","C1",44.3,"C",32
2017-09-30 12:00:00,"L5","Limerick",5,"Limerick5","C1",49.3,"C",64
2017-07-28 12:00:00,"L5","Limerick",5,"Limerick5","D2",46.4,"D",0
2017-08-05 12:00:00,"L5","Limerick",5,"Limerick5","D2",42.3,"D",8
2017-08-13 12:00:00,"L5","Limerick",5,"Limerick5","D2",40.4,"D",16
2017-08-29 12:00:00,"L5","Limerick",5,"Limerick5","D2",45.7,"D",32
2017-09-30 12:00:00,"L5","Limerick",5,"Limerick5","D2",50.1,"D",64
2017-07-28 12:00:00,"L5","Limerick",5,"Limerick5","C2",33.8,"C",0
2017-08-05 12:00:00,"L5","Limerick",5,"Limerick5","C2",34.3,"C",8
2017-08-13 12:00:00,"L5","Limerick",5,"Limerick5","C2",30.9,"C",16
2017-08-29 12:00:00,"L5","Limerick",5,"Limerick5","C2",36.7,"C",32
2017-09-30 12:00:00,"L5","Limerick",5,"Limerick5","C2",40.2,"C",64
2017-07-28 12:00:00,"L5","Limerick",5,"Limerick5","C3",42.7,"C",0
2017-08-05 12:00:00,"L5","Limerick",5,"Limerick5","C3",42.1,"C",8
2017-08-13 12:00:00,"L5","Limerick",5,"Limerick5","C3",30.9,"C",16
2017-08-29 12:00:00,"L5","Limerick",5,"Limerick5","C3",34.9,"C",32
2017-09-30 12:00:00,"L5","Limerick",5,"Limerick5","C3",46,"C",64
2017-07-28 12:00:00,"L5","Limerick",5,"Limerick5","D3",45.9,"D",0
2017-08-05 12:00:00,"L5","Limerick",5,"Limerick5","D3",38.7,"D",8
2017-08-13 12:00:00,"L5","Limerick",5,"Limerick5","D3",34.7,"D",16
2017-08-29 12:00:00,"L5","Limerick",5,"Limerick5","D3",38.9,"D",32
2017-09-30 12:00:00,"L5","Limerick",5,"Limerick5","D3",43.9,"D",64
2017-07-29 12:00:00,"C1","Cork",1,"Cork1","D1",45.4,"D",0
2017-08-06 12:00:00,"C1","Cork",1,"Cork1","D1",38.5,"D",8
2017-08-14 12:00:00,"C1","Cork",1,"Cork1","D1",47.2,"D",16
2017-08-30 12:00:00,"C1","Cork",1,"Cork1","D1",37.8,"D",32
2017-10-01 12:00:00,"C1","Cork",1,"Cork1","D1",52.1,"D",64
2017-07-29 12:00:00,"C1","Cork",1,"Cork1","C1",33.4,"C",0
2017-08-06 12:00:00,"C1","Cork",1,"Cork1","C1",34.2,"C",8
2017-08-14 12:00:00,"C1","Cork",1,"Cork1","C1",40.1,"C",16
2017-08-30 12:00:00,"C1","Cork",1,"Cork1","C1",31.9,"C",32
2017-10-01 12:00:00,"C1","Cork",1,"Cork1","C1",46.2,"C",64
2017-07-29 12:00:00,"C1","Cork",1,"Cork1","D2",19.1,"D",0
2017-08-06 12:00:00,"C1","Cork",1,"Cork1","D2",24.6,"D",8
2017-08-14 12:00:00,"C1","Cork",1,"Cork1","D2",26.5,"D",16
2017-08-30 12:00:00,"C1","Cork",1,"Cork1","D2",29.6,"D",32
2017-10-01 12:00:00,"C1","Cork",1,"Cork1","D2",46.9,"D",64
2017-07-29 12:00:00,"C1","Cork",1,"Cork1","C2",46.2,"C",0
2017-08-06 12:00:00,"C1","Cork",1,"Cork1","C2",45.6,"C",8
2017-08-14 12:00:00,"C1","Cork",1,"Cork1","C2",49.3,"C",16
2017-08-30 12:00:00,"C1","Cork",1,"Cork1","C2",38.4,"C",32
2017-10-01 12:00:00,"C1","Cork",1,"Cork1","C2",55.2,"C",64
2017-07-29 12:00:00,"C1","Cork",1,"Cork1","D3",17.8,"D",0
2017-08-06 12:00:00,"C1","Cork",1,"Cork1","D3",21.6,"D",8
2017-08-14 12:00:00,"C1","Cork",1,"Cork1","D3",31.4,"D",16
2017-08-30 12:00:00,"C1","Cork",1,"Cork1","D3",33.2,"D",32
2017-10-01 12:00:00,"C1","Cork",1,"Cork1","D3",51.7,"D",64
2017-07-29 12:00:00,"C1","Cork",1,"Cork1","C3",42.7,"C",0
2017-08-06 12:00:00,"C1","Cork",1,"Cork1","C3",42.4,"C",8
2017-08-14 12:00:00,"C1","Cork",1,"Cork1","C3",35.6,"C",16
2017-08-30 12:00:00,"C1","Cork",1,"Cork1","C3",40.7,"C",32
2017-10-01 12:00:00,"C1","Cork",1,"Cork1","C3",58.9,"C",64
2017-07-29 12:00:00,"C2","Cork",2,"Cork2","D1",10.1,"D",0
2017-08-06 12:00:00,"C2","Cork",2,"Cork2","D1",19,"D",8
2017-08-14 12:00:00,"C2","Cork",2,"Cork2","D1",19,"D",16
2017-08-30 12:00:00,"C2","Cork",2,"Cork2","D1",23.7,"D",32
2017-10-01 12:00:00,"C2","Cork",2,"Cork2","D1",41,"D",64
2017-07-29 12:00:00,"C2","Cork",2,"Cork2","C1",NA,"C",0
2017-08-06 12:00:00,"C2","Cork",2,"Cork2","C1",NA,"C",8
2017-08-14 12:00:00,"C2","Cork",2,"Cork2","C1",NA,"C",16
2017-08-30 12:00:00,"C2","Cork",2,"Cork2","C1",NA,"C",32
2017-10-01 12:00:00,"C2","Cork",2,"Cork2","C1",NA,"C",64
2017-07-29 12:00:00,"C2","Cork",2,"Cork2","D2",13.1,"D",0
2017-08-06 12:00:00,"C2","Cork",2,"Cork2","D2",27.3,"D",8
2017-08-14 12:00:00,"C2","Cork",2,"Cork2","D2",35.6,"D",16
2017-08-30 12:00:00,"C2","Cork",2,"Cork2","D2",31.2,"D",32
2017-10-01 12:00:00,"C2","Cork",2,"Cork2","D2",49.5,"D",64
2017-07-29 12:00:00,"C2","Cork",2,"Cork2","C2",31.5,"C",0
2017-08-06 12:00:00,"C2","Cork",2,"Cork2","C2",30.9,"C",8
2017-08-14 12:00:00,"C2","Cork",2,"Cork2","C2",29,"C",16
2017-08-30 12:00:00,"C2","Cork",2,"Cork2","C2",26.8,"C",32
2017-10-01 12:00:00,"C2","Cork",2,"Cork2","C2",31.9,"C",64
2017-07-29 12:00:00,"C2","Cork",2,"Cork2","C3",22.3,"C",0
2017-08-06 12:00:00,"C2","Cork",2,"Cork2","C3",24.4,"C",8
2017-08-14 12:00:00,"C2","Cork",2,"Cork2","C3",25.7,"C",16
2017-08-30 12:00:00,"C2","Cork",2,"Cork2","C3",26,"C",32
2017-10-01 12:00:00,"C2","Cork",2,"Cork2","C3",39.4,"C",64
2017-07-29 12:00:00,"C2","Cork",2,"Cork2","D3",15,"D",0
2017-08-06 12:00:00,"C2","Cork",2,"Cork2","D3",31.2,"D",8
2017-08-14 12:00:00,"C2","Cork",2,"Cork2","D3",38.3,"D",16
2017-08-30 12:00:00,"C2","Cork",2,"Cork2","D3",33.1,"D",32
2017-10-01 12:00:00,"C2","Cork",2,"Cork2","D3",55.2,"D",64
2017-07-30 12:00:00,"C3","Cork",3,"Cork3","D1",NA,"D",0
2017-08-07 12:00:00,"C3","Cork",3,"Cork3","D1",NA,"D",8
2017-08-15 12:00:00,"C3","Cork",3,"Cork3","D1",NA,"D",16
2017-08-31 12:00:00,"C3","Cork",3,"Cork3","D1",NA,"D",32
2017-10-02 12:00:00,"C3","Cork",3,"Cork3","D1",NA,"D",64
2017-07-30 12:00:00,"C3","Cork",3,"Cork3","C1",23.5,"C",0
2017-08-07 12:00:00,"C3","Cork",3,"Cork3","C1",28.8,"C",8
2017-08-15 12:00:00,"C3","Cork",3,"Cork3","C1",NA,"C",16
2017-08-31 12:00:00,"C3","Cork",3,"Cork3","C1",NA,"C",32
2017-10-02 12:00:00,"C3","Cork",3,"Cork3","C1",NA,"C",64
2017-07-30 12:00:00,"C3","Cork",3,"Cork3","D2",20.6,"D",0
2017-08-07 12:00:00,"C3","Cork",3,"Cork3","D2",22.3,"D",8
2017-08-15 12:00:00,"C3","Cork",3,"Cork3","D2",NA,"D",16
2017-08-31 12:00:00,"C3","Cork",3,"Cork3","D2",NA,"D",32
2017-10-02 12:00:00,"C3","Cork",3,"Cork3","D2",NA,"D",64
2017-07-30 12:00:00,"C3","Cork",3,"Cork3","C2",NA,"C",0
2017-08-07 12:00:00,"C3","Cork",3,"Cork3","C2",NA,"C",8
2017-08-15 12:00:00,"C3","Cork",3,"Cork3","C2",NA,"C",16
2017-08-31 12:00:00,"C3","Cork",3,"Cork3","C2",NA,"C",32
2017-10-02 12:00:00,"C3","Cork",3,"Cork3","C2",NA,"C",64
2017-07-30 12:00:00,"C3","Cork",3,"Cork3","C3",NA,"C",0
2017-08-07 12:00:00,"C3","Cork",3,"Cork3","C3",NA,"C",8
2017-08-15 12:00:00,"C3","Cork",3,"Cork3","C3",NA,"C",16
2017-08-31 12:00:00,"C3","Cork",3,"Cork3","C3",NA,"C",32
2017-10-02 12:00:00,"C3","Cork",3,"Cork3","C3",NA,"C",64
2017-07-30 12:00:00,"C3","Cork",3,"Cork3","D3",26.7,"D",0
2017-08-07 12:00:00,"C3","Cork",3,"Cork3","D3",30.4,"D",8
2017-08-15 12:00:00,"C3","Cork",3,"Cork3","D3",35,"D",16
2017-08-31 12:00:00,"C3","Cork",3,"Cork3","D3",28.2,"D",32
2017-10-02 12:00:00,"C3","Cork",3,"Cork3","D3",38.8,"D",64
2017-08-07 12:00:00,"C4","Cork",4,"Cork4","D1",53.6,"D",0
2017-08-15 12:00:00,"C4","Cork",4,"Cork4","D1",53.5,"D",8
2017-08-23 12:00:00,"C4","Cork",4,"Cork4","D1",54.6,"D",16
2017-09-08 12:00:00,"C4","Cork",4,"Cork4","D1",53.3,"D",32
2017-10-10 12:00:00,"C4","Cork",4,"Cork4","D1",61.9,"D",64
2017-08-07 12:00:00,"C4","Cork",4,"Cork4","C1",43.2,"C",0
2017-08-15 12:00:00,"C4","Cork",4,"Cork4","C1",47,"C",8
2017-08-23 12:00:00,"C4","Cork",4,"Cork4","C1",48.2,"C",16
2017-09-08 12:00:00,"C4","Cork",4,"Cork4","C1",45.2,"C",32
2017-10-10 12:00:00,"C4","Cork",4,"Cork4","C1",50.7,"C",64
2017-08-07 12:00:00,"C4","Cork",4,"Cork4","D2",9.4,"D",0
2017-08-15 12:00:00,"C4","Cork",4,"Cork4","D2",18.1,"D",8
2017-08-23 12:00:00,"C4","Cork",4,"Cork4","D2",38.3,"D",16
2017-09-08 12:00:00,"C4","Cork",4,"Cork4","D2",50.7,"D",32
2017-10-10 12:00:00,"C4","Cork",4,"Cork4","D2",55,"D",64
2017-08-07 12:00:00,"C4","Cork",4,"Cork4","C2",47.8,"C",0
2017-08-15 12:00:00,"C4","Cork",4,"Cork4","C2",46.8,"C",8
2017-08-23 12:00:00,"C4","Cork",4,"Cork4","C2",50.9,"C",16
2017-09-08 12:00:00,"C4","Cork",4,"Cork4","C2",49.1,"C",32
2017-10-10 12:00:00,"C4","Cork",4,"Cork4","C2",56.9,"C",64
2017-08-07 12:00:00,"C4","Cork",4,"Cork4","C3",44,"C",0
2017-08-15 12:00:00,"C4","Cork",4,"Cork4","C3",45.1,"C",8
2017-08-23 12:00:00,"C4","Cork",4,"Cork4","C3",45.9,"C",16
2017-09-08 12:00:00,"C4","Cork",4,"Cork4","C3",48.9,"C",32
2017-10-10 12:00:00,"C4","Cork",4,"Cork4","C3",50.4,"C",64
2017-08-07 12:00:00,"C4","Cork",4,"Cork4","D3",29.8,"D",0
2017-08-15 12:00:00,"C4","Cork",4,"Cork4","D3",38.6,"D",8
2017-08-23 12:00:00,"C4","Cork",4,"Cork4","D3",42.9,"D",16
2017-09-08 12:00:00,"C4","Cork",4,"Cork4","D3",46.6,"D",32
2017-10-10 12:00:00,"C4","Cork",4,"Cork4","D3",NA,"D",64
2017-08-07 12:00:00,"C5","Cork",5,"Cork5","D1",25.4,"D",0
2017-08-15 12:00:00,"C5","Cork",5,"Cork5","D1",27.7,"D",8
2017-08-23 12:00:00,"C5","Cork",5,"Cork5","D1",32.4,"D",16
2017-09-08 12:00:00,"C5","Cork",5,"Cork5","D1",40,"D",32
2017-10-10 12:00:00,"C5","Cork",5,"Cork5","D1",48,"D",64
2017-08-07 12:00:00,"C5","Cork",5,"Cork5","C1",44,"C",0
2017-08-15 12:00:00,"C5","Cork",5,"Cork5","C1",41.3,"C",8
2017-08-23 12:00:00,"C5","Cork",5,"Cork5","C1",45.4,"C",16
2017-09-08 12:00:00,"C5","Cork",5,"Cork5","C1",50.6,"C",32
2017-10-10 12:00:00,"C5","Cork",5,"Cork5","C1",57.5,"C",64
2017-08-07 12:00:00,"C5","Cork",5,"Cork5","D2",26.4,"D",0
2017-08-15 12:00:00,"C5","Cork",5,"Cork5","D2",27.7,"D",8
2017-08-23 12:00:00,"C5","Cork",5,"Cork5","D2",31.9,"D",16
2017-09-08 12:00:00,"C5","Cork",5,"Cork5","D2",37,"D",32
2017-10-10 12:00:00,"C5","Cork",5,"Cork5","D2",44.3,"D",64
2017-08-07 12:00:00,"C5","Cork",5,"Cork5","C2",45,"C",0
2017-08-15 12:00:00,"C5","Cork",5,"Cork5","C2",43.4,"C",8
2017-08-23 12:00:00,"C5","Cork",5,"Cork5","C2",43.1,"C",16
2017-09-08 12:00:00,"C5","Cork",5,"Cork5","C2",47.8,"C",32
2017-10-10 12:00:00,"C5","Cork",5,"Cork5","C2",55.5,"C",64
2017-08-07 12:00:00,"C5","Cork",5,"Cork5","C3",45.8,"C",0
2017-08-15 12:00:00,"C5","Cork",5,"Cork5","C3",45.1,"C",8
2017-08-23 12:00:00,"C5","Cork",5,"Cork5","C3",29.8,"C",16
2017-09-08 12:00:00,"C5","Cork",5,"Cork5","C3",35.1,"C",32
2017-10-10 12:00:00,"C5","Cork",5,"Cork5","C3",58.1,"C",64
2017-08-07 12:00:00,"C5","Cork",5,"Cork5","D3",21.6,"D",0
2017-08-15 12:00:00,"C5","Cork",5,"Cork5","D3",23.1,"D",8
2017-08-23 12:00:00,"C5","Cork",5,"Cork5","D3",31.1,"D",16
2017-09-08 12:00:00,"C5","Cork",5,"Cork5","D3",54,"D",32
2017-10-10 12:00:00,"C5","Cork",5,"Cork5","D3",73.7,"D",64
