"Region","Farm","site_ID","treatment","Plot","day","ent","pod","sym","neel","orb_a","orb_j","meso_a","meso_j","prostig","astig","ot_mites","c_lav","dip_lar","hymen","pot","prot","symph","arach","chil","coleop","gast","wood","hemip","cater","dip","thy","earth","Total.Soil","Total.All","BC_meanC_all","BC_meanC_soil","community_all","community_soil"
"Border",1,"Border1","Control","C1",0,4,6,5,0,2,0,3,1,2,0,6,1,0,0,3,0,0,0,0,0,0,0,0,0,0,0,1,29,34,0.386018237082067,0.368821292775665,"Border1.C1.0","Border1.C1.0"
"Border",1,"Border1","Control","C2",0,1,0,1,0,3,1,3,0,0,1,12,0,0,0,3,0,0,1,0,0,0,0,0,0,0,3,1,22,30,0.34185303514377,0.370212765957447,"Border1.C2.0","Border1.C2.0"
"Border",1,"Border1","Control","C3",0,10,0,1,0,0,0,2,1,4,0,53,1,0,1,10,0,0,0,0,0,0,0,0,0,0,9,0,71,92,0.42602495543672,0.438515081206497,"Border1.C3.0","Border1.C3.0"
"Border",1,"Border1","Control","C4",0,4,1,2,0,1,0,1,6,5,1,4,0,1,3,5,0,0,0,0,0,0,0,0,0,0,1,2,25,37,0.378299120234604,0.408906882591093,"Border1.C4.0","Border1.C4.0"
"Border",1,"Border1","Drought","D1",0,1,0,0,0,0,0,1,1,3,0,0,0,0,0,0,0,0,0,0,0,0,0,0,0,0,1,0,6,7,0.755656108597285,0.730994152046784,"Border1.D1.0","Border1.D1.0"
"Border",1,"Border1","Drought","D2",0,1,0,0,0,4,0,4,0,2,4,4,0,9,1,0,0,0,0,0,0,0,0,0,0,0,2,0,19,31,0.634069400630915,0.596412556053812,"Border1.D2.0","Border1.D2.0"
"Border",1,"Border1","Drought","D3",0,0,0,0,0,0,0,4,2,4,2,3,0,0,0,0,0,0,0,0,0,0,0,0,0,0,6,0,15,21,0.602888086642599,0.594202898550725,"Border1.D3.0","Border1.D3.0"
"Border",1,"Border1","Drought","D4",0,2,1,0,0,2,1,1,0,2,5,8,0,0,0,0,0,0,0,0,0,0,0,0,0,0,6,0,22,28,0.488524590163934,0.446808510638298,"Border1.D4.0","Border1.D4.0"
"Border",1,"Border1","Control","C1",32,NA,NA,NA,NA,NA,NA,NA,NA,NA,NA,NA,NA,NA,NA,NA,NA,NA,NA,NA,NA,NA,NA,NA,NA,NA,NA,NA,NA,NA,NA,NA,"Border1.C1.32","Border1.C1.32"
"Border",1,"Border1","Control","C2",32,NA,NA,NA,NA,NA,NA,NA,NA,NA,NA,NA,NA,NA,NA,NA,NA,NA,NA,NA,NA,NA,NA,NA,NA,NA,NA,NA,NA,NA,NA,NA,"Border1.C2.32","Border1.C2.32"
"Border",1,"Border1","Control","C3",32,NA,NA,NA,NA,NA,NA,NA,NA,NA,NA,NA,NA,NA,NA,NA,NA,NA,NA,NA,NA,NA,NA,NA,NA,NA,NA,NA,NA,NA,NA,NA,"Border1.C3.32","Border1.C3.32"
"Border",1,"Border1","Control","C4",32,NA,NA,NA,NA,NA,NA,NA,NA,NA,NA,NA,NA,NA,NA,NA,NA,NA,NA,NA,NA,NA,NA,NA,NA,NA,NA,NA,NA,NA,NA,NA,"Border1.C4.32","Border1.C4.32"
"Border",1,"Border1","Drought","D1",32,5,3,14,0,2,2,0,13,4,2,11,1,0,1,6,0,0,0,0,0,0,0,0,0,0,0,4,56,68,NA,NA,"Border1.D1.32","Border1.D1.32"
"Border",1,"Border1","Drought","D2",32,5,1,11,0,2,0,1,1,16,11,2,0,0,0,1,0,0,0,0,0,0,0,1,0,0,0,0,50,52,NA,NA,"Border1.D2.32","Border1.D2.32"
"Border",1,"Border1","Drought","D3",32,6,8,9,0,3,0,2,11,18,15,15,0,9,0,5,0,0,0,0,0,0,0,0,0,0,1,1,87,103,NA,NA,"Border1.D3.32","Border1.D3.32"
"Border",1,"Border1","Drought","D4",32,84,11,18,0,0,0,0,3,5,5,19,0,0,0,2,0,0,0,0,0,0,0,3,0,0,2,0,145,152,NA,NA,"Border1.D4.32","Border1.D4.32"
"Border",1,"Border1","Control","C1",64,1,3,2,0,0,1,0,1,1,1,6,0,1,0,4,0,0,0,0,0,0,0,0,0,0,0,0,16,21,0.272727272727273,0.171171171171171,"Border1.C1.64","Border1.C1.64"
"Border",1,"Border1","Control","C2",64,0,5,0,0,0,1,0,2,2,0,7,0,0,0,2,0,0,0,0,1,0,0,0,0,0,0,0,17,20,0.36,0.321739130434783,"Border1.C2.64","Border1.C2.64"
"Border",1,"Border1","Control","C3",64,0,3,0,0,0,0,0,0,0,2,5,1,0,0,0,0,0,0,0,0,0,0,0,0,0,0,8,10,19,0.424657534246575,0.264367816091954,"Border1.C3.64","Border1.C3.64"
"Border",1,"Border1","Control","C4",64,1,0,0,0,1,2,0,0,0,0,0,0,1,0,2,0,0,0,0,0,0,0,0,0,0,2,1,4,10,0.581818181818182,0.777777777777778,"Border1.C4.64","Border1.C4.64"
"Border",1,"Border1","Drought","D1",64,0,8,4,0,2,0,0,1,2,0,2,0,2,0,8,0,0,0,0,0,0,0,0,0,0,1,0,19,30,0.578947368421053,0.544715447154472,"Border1.D1.64","Border1.D1.64"
"Border",1,"Border1","Drought","D2",64,0,4,1,0,0,1,0,1,1,0,2,0,0,1,4,0,0,0,0,0,0,0,0,0,0,0,0,10,15,0.4,0.28735632183908,"Border1.D2.64","Border1.D2.64"
"Border",1,"Border1","Drought","D3",64,0,9,2,0,1,0,0,0,0,3,1,0,0,1,4,0,0,0,0,0,0,0,5,0,0,1,0,16,27,0.651685393258427,0.621621621621622,"Border1.D3.64","Border1.D3.64"
"Border",1,"Border1","Drought","D4",64,0,0,0,0,8,2,1,2,2,0,11,0,0,1,1,0,0,0,0,0,0,0,0,0,0,0,1,26,29,0.602150537634409,0.615894039735099,"Border1.D4.64","Border1.D4.64"
"Border",2,"Border2","Control","C1",0,0,1,0,0,0,0,0,0,0,0,0,0,0,0,0,0,0,0,0,0,0,0,0,0,0,0,0,1,1,0.555555555555556,0.529411764705882,"Border2.C1.0","Border2.C1.0"
"Border",2,"Border2","Control","C2",0,0,1,2,0,0,0,0,0,0,0,0,0,0,0,0,0,0,0,0,0,0,0,0,0,0,1,0,3,4,0.4,0.36,"Border2.C2.0","Border2.C2.0"
"Border",2,"Border2","Control","C3",0,0,0,0,0,0,0,0,0,0,0,2,0,0,0,0,0,0,0,0,0,0,0,0,0,0,0,0,2,2,0.727272727272727,0.714285714285714,"Border2.C3.0","Border2.C3.0"
"Border",2,"Border2","Control","C4",0,0,3,2,0,0,0,0,0,0,1,1,0,0,0,0,0,0,0,0,0,0,0,0,0,0,0,0,7,7,0.380952380952381,0.365853658536585,"Border2.C4.0","Border2.C4.0"
"Border",2,"Border2","Drought","D1",0,0,0,5,0,0,0,0,0,0,1,0,0,0,0,0,0,0,0,0,0,0,0,0,0,0,0,0,6,6,0.736842105263158,0.72972972972973,"Border2.D1.0","Border2.D1.0"
"Border",2,"Border2","Drought","D2",0,0,1,2,0,0,0,0,0,0,0,0,0,0,0,0,0,0,0,0,0,0,0,0,0,0,0,0,3,3,0.384615384615385,0.36,"Border2.D2.0","Border2.D2.0"
"Border",2,"Border2","Drought","D3",0,0,1,1,0,0,0,0,0,0,0,0,0,0,0,0,0,0,0,0,0,0,0,0,0,0,0,0,2,2,0.272727272727273,0.238095238095238,"Border2.D3.0","Border2.D3.0"
"Border",2,"Border2","Drought","D4",0,0,0,1,0,0,0,0,1,1,0,0,0,1,0,0,0,0,0,0,0,0,0,0,0,0,1,0,3,5,0.705882352941177,0.68,"Border2.D4.0","Border2.D4.0"
"Border",2,"Border2","Control","C1",32,33,11,3,0,1,6,4,29,2,11,8,0,0,0,2,0,0,0,2,1,0,0,1,0,0,0,2,108,116,0.134042553191489,0.108571428571429,"Border2.C1.32","Border2.C1.32"
"Border",2,"Border2","Control","C2",32,14,26,1,0,0,8,4,4,0,1,16,0,0,0,1,0,0,0,0,1,0,0,1,0,0,0,0,74,77,0.395408163265306,0.385656292286874,"Border2.C2.32","Border2.C2.32"
"Border",2,"Border2","Control","C3",32,22,5,5,0,0,15,5,27,0,4,8,0,0,1,1,0,0,0,0,0,0,0,4,0,0,0,1,91,98,0.228110599078341,0.214374225526642,"Border2.C3.32","Border2.C3.32"
"Border",2,"Border2","Control","C4",32,59,13,24,0,0,4,3,32,1,22,12,0,0,7,1,0,0,0,0,0,0,0,0,0,0,6,1,170,185,0.276315789473684,0.255565449688335,"Border2.C4.32","Border2.C4.32"
"Border",2,"Border2","Drought","D1",32,0,5,1,0,1,1,4,22,0,0,4,2,0,0,4,0,0,0,0,1,0,0,3,0,0,0,1,38,49,0.505952380952381,0.499159663865546,"Border2.D1.32","Border2.D1.32"
"Border",2,"Border2","Drought","D2",32,28,35,56,0,0,0,3,33,1,4,18,0,1,0,1,0,0,0,0,0,0,0,0,0,0,1,0,178,181,0.375,0.364502164502164,"Border2.D2.32","Border2.D2.32"
"Border",2,"Border2","Drought","D3",32,NA,NA,NA,NA,NA,NA,NA,NA,NA,NA,NA,NA,NA,NA,NA,NA,NA,NA,NA,NA,NA,NA,NA,NA,NA,NA,NA,NA,NA,NA,NA,"Border2.D3.32","Border2.D3.32"
"Border",2,"Border2","Drought","D4",32,42,10,11,0,0,8,4,4,1,5,23,0,0,1,1,0,0,0,0,0,0,0,1,0,0,1,0,108,112,0.246753246753247,0.241142857142857,"Border2.D4.32","Border2.D4.32"
"Border",2,"Border2","Control","C1",64,1,1,0,0,1,0,0,1,0,0,2,0,0,0,0,0,0,0,0,0,0,0,2,0,0,1,1,6,10,0.443298969072165,0.416666666666667,"Border2.C1.64","Border2.C1.64"
"Border",2,"Border2","Control","C2",64,1,0,1,0,1,5,0,2,0,2,5,0,0,0,0,0,0,0,0,0,0,0,0,0,0,0,2,17,19,0.323308270676692,0.275862068965517,"Border2.C2.64","Border2.C2.64"
"Border",2,"Border2","Control","C3",64,0,2,0,0,0,6,0,2,0,3,1,0,1,1,1,0,0,0,0,0,0,0,0,0,0,0,0,14,17,0.392,0.326923076923077,"Border2.C3.64","Border2.C3.64"
"Border",2,"Border2","Control","C4",64,2,0,1,0,0,1,0,1,1,5,0,0,0,0,0,0,0,0,0,0,0,0,0,0,0,0,0,11,11,0.504950495049505,0.456521739130435,"Border2.C4.64","Border2.C4.64"
"Border",2,"Border2","Drought","D1",64,1,0,0,0,0,0,0,0,0,0,0,0,0,0,1,0,0,0,0,0,0,0,1,0,0,0,0,1,3,0.797101449275362,0.846153846153846,"Border2.D1.64","Border2.D1.64"
"Border",2,"Border2","Drought","D2",64,1,1,0,0,0,0,0,3,0,5,18,0,1,0,4,0,0,0,0,0,0,0,2,0,0,1,0,28,36,0.641791044776119,0.6125,"Border2.D2.64","Border2.D2.64"
"Border",2,"Border2","Drought","D3",64,2,1,0,0,0,1,0,4,0,7,1,0,1,0,3,0,0,0,0,0,0,0,3,0,0,1,1,16,25,0.503184713375796,0.446428571428571,"Border2.D3.64","Border2.D3.64"
"Border",2,"Border2","Drought","D4",64,4,1,0,0,0,2,0,2,0,0,3,0,1,1,1,0,0,0,0,0,0,0,0,0,0,1,0,12,16,0.454545454545455,0.395833333333333,"Border2.D4.64","Border2.D4.64"
"Border",3,"Border3","Control","C1",0,11,3,8,0,6,0,5,3,4,0,6,2,0,0,5,0,0,0,0,1,0,0,1,0,0,0,0,46,55,0.398601398601399,0.346846846846847,"Border3.C1.0","Border3.C1.0"
"Border",3,"Border3","Control","C2",0,12,4,2,0,0,0,2,6,2,0,1,0,0,1,6,0,0,0,0,0,0,0,1,0,0,0,2,29,39,0.433070866141732,0.382978723404255,"Border3.C2.0","Border3.C2.0"
"Border",3,"Border3","Control","C3",0,67,12,5,0,1,1,13,7,4,0,6,1,0,2,3,0,0,0,0,1,0,0,10,0,0,2,1,116,136,0.305803571428571,0.290055248618785,"Border3.C3.0","Border3.C3.0"
"Border",3,"Border3","Control","C4",0,29,9,1,0,0,1,6,12,6,0,5,1,33,0,2,0,0,0,0,1,0,0,14,0,0,0,2,69,122,0.25,0.119402985074627,"Border3.C4.0","Border3.C4.0"
"Border",3,"Border3","Drought","D1",0,4,11,0,0,1,0,9,19,35,87,10,2,0,0,0,0,0,1,0,3,0,0,2,0,1,2,0,176,187,0.721818181818182,0.717842323651452,"Border3.D1.0","Border3.D1.0"
"Border",3,"Border3","Drought","D2",0,0,9,1,0,0,0,0,13,13,40,6,0,0,0,0,0,0,0,0,0,0,0,2,0,0,0,0,82,84,0.703488372093023,0.680272108843537,"Border3.D2.0","Border3.D2.0"
"Border",3,"Border3","Drought","D3",0,8,0,1,0,0,0,6,17,24,14,5,1,0,0,0,0,0,0,0,0,0,0,1,0,0,0,0,75,77,0.606060606060606,0.564285714285714,"Border3.D3.0","Border3.D3.0"
"Border",3,"Border3","Drought","D4",0,0,8,0,0,0,3,1,7,1,0,0,0,0,0,0,0,0,0,0,0,0,0,0,0,0,0,1,20,21,0.678899082568807,0.611764705882353,"Border3.D4.0","Border3.D4.0"
"Border",3,"Border3","Control","C1",32,17,12,16,0,2,0,7,9,6,3,3,0,0,0,3,0,0,0,0,0,0,0,28,0,0,0,0,75,106,0.319760479041916,0.255742725880551,"Border3.C1.32","Border3.C1.32"
"Border",3,"Border3","Control","C2",32,40,13,20,0,0,0,3,25,1,0,9,1,0,1,6,0,0,0,0,0,0,0,0,0,0,0,1,111,120,0.221099887766554,0.196988707653701,"Border3.C2.32","Border3.C2.32"
"Border",3,"Border3","Control","C3",32,37,12,6,0,0,1,5,30,13,8,5,0,0,0,10,0,0,0,0,0,0,0,1,0,0,2,0,117,130,0.220193340494092,0.188794153471376,"Border3.C3.32","Border3.C3.32"
"Border",3,"Border3","Control","C4",32,44,0,0,0,0,0,0,5,0,0,1,0,0,0,5,0,0,0,0,0,0,0,0,0,0,0,0,50,55,0.423137876386688,0.414104882459313,"Border3.C4.32","Border3.C4.32"
"Border",3,"Border3","Drought","D1",32,NA,NA,NA,NA,NA,NA,NA,NA,NA,NA,NA,NA,NA,NA,NA,NA,NA,NA,NA,NA,NA,NA,NA,NA,NA,NA,NA,NA,NA,NA,NA,"Border3.D1.32","Border3.D1.32"
"Border",3,"Border3","Drought","D2",32,56,86,5,0,0,0,4,12,1,30,9,0,0,0,5,0,0,0,0,0,0,0,0,0,0,0,1,203,209,0.499599037690457,0.500429184549356,"Border3.D2.32","Border3.D2.32"
"Border",3,"Border3","Drought","D3",32,80,108,61,0,3,1,12,36,15,54,5,1,0,2,6,0,0,2,0,0,0,0,7,0,0,0,1,375,394,0.58933064921993,0.618996222342148,"Border3.D3.32","Border3.D3.32"
"Border",3,"Border3","Drought","D4",32,NA,NA,NA,NA,NA,NA,NA,NA,NA,NA,NA,NA,NA,NA,NA,NA,NA,NA,NA,NA,NA,NA,NA,NA,NA,NA,NA,NA,NA,NA,NA,"Border3.D4.32","Border3.D4.32"
"Border",3,"Border3","Control","C1",64,2,12,1,0,0,0,1,13,0,1,4,0,0,1,3,0,0,0,0,0,0,0,0,0,0,1,1,34,40,0.361702127659574,0.372262773722628,"Border3.C1.64","Border3.C1.64"
"Border",3,"Border3","Control","C2",64,8,5,0,0,0,0,0,3,0,0,3,0,0,0,3,0,0,0,0,0,0,0,0,0,0,0,0,19,22,0.315175097276265,0.289719626168224,"Border3.C2.64","Border3.C2.64"
"Border",3,"Border3","Control","C3",64,8,7,1,1,0,0,0,1,0,1,30,0,0,1,5,0,0,0,0,0,0,0,0,0,0,2,0,49,57,0.324937027707809,0.347305389221557,"Border3.C3.64","Border3.C3.64"
"Border",3,"Border3","Control","C4",64,16,9,0,0,0,0,5,3,0,1,2,2,1,0,6,0,0,0,0,0,0,0,2,0,0,3,0,36,50,0.327913279132791,0.319148936170213,"Border3.C4.64","Border3.C4.64"
"Border",3,"Border3","Drought","D1",64,7,6,5,0,0,0,4,8,2,12,7,0,0,0,10,0,0,0,0,0,0,0,0,0,0,0,0,51,61,0.380145278450363,0.350877192982456,"Border3.D1.64","Border3.D1.64"
"Border",3,"Border3","Drought","D2",64,2,10,0,0,3,0,1,3,1,1,5,0,0,0,4,0,0,0,0,0,0,0,0,0,1,1,0,26,32,0.326599326599327,0.338842975206612,"Border3.D2.64","Border3.D2.64"
"Border",3,"Border3","Drought","D3",64,12,9,1,0,6,0,4,8,0,9,1,1,1,1,2,0,0,0,0,0,0,0,1,0,0,1,0,50,57,0.390428211586902,0.396449704142012,"Border3.D3.64","Border3.D3.64"
"Border",3,"Border3","Drought","D4",64,11,15,1,0,1,0,1,8,0,1,3,0,0,0,8,0,0,0,0,0,0,0,1,0,0,0,1,41,51,0.313672922252011,0.28476821192053,"Border3.D4.64","Border3.D4.64"
"Border",4,"Border4","Control","C1",0,0,0,0,0,8,0,0,0,0,0,0,0,0,0,0,0,0,0,0,0,0,0,0,0,0,0,0,8,8,0.880434782608696,0.863354037267081,"Border4.C1.0","Border4.C1.0"
"Border",4,"Border4","Control","C2",0,27,1,0,0,0,0,0,5,1,1,0,0,2,6,0,0,0,0,0,0,0,0,0,0,0,1,0,35,44,0.378048780487805,0.360594795539033,"Border4.C2.0","Border4.C2.0"
"Border",4,"Border4","Control","C3",0,18,0,0,0,1,1,5,8,0,1,8,1,2,2,0,0,0,0,0,0,0,0,0,0,0,1,0,42,48,0.22093023255814,0.205387205387205,"Border4.C3.0","Border4.C3.0"
"Border",4,"Border4","Control","C4",0,17,2,0,0,2,0,6,5,0,0,12,0,1,1,1,0,0,1,0,0,0,0,2,0,0,0,2,44,52,0.244444444444444,0.2,"Border4.C4.0","Border4.C4.0"
"Border",4,"Border4","Drought","D1",0,4,1,0,0,1,0,0,2,2,1,6,0,0,0,1,0,0,0,0,0,0,0,0,0,0,2,0,17,20,0.508620689655172,0.451776649746193,"Border4.D1.0","Border4.D1.0"
"Border",4,"Border4","Drought","D2",0,19,2,0,0,3,0,2,7,2,0,5,0,1,2,3,0,0,0,0,0,0,0,0,0,0,0,0,40,46,0.19047619047619,0.14878892733564,"Border4.D2.0","Border4.D2.0"
"Border",4,"Border4","Drought","D3",0,12,1,3,0,0,2,1,2,0,0,17,1,0,1,0,0,0,0,0,0,0,0,0,0,0,0,0,38,40,0.429487179487179,0.402135231316726,"Border4.D3.0","Border4.D3.0"
"Border",4,"Border4","Drought","D4",0,0,0,0,0,0,0,0,0,0,0,0,0,0,0,0,0,0,0,0,0,0,0,0,0,0,0,0,0,0,1,1,"Border4.D4.0","Border4.D4.0"
"Border",4,"Border4","Control","C1",32,45,2,2,0,0,35,0,0,0,1,41,0,0,0,0,0,0,0,0,0,0,0,10,0,0,3,0,126,139,0.235467980295567,0.191765980498375,"Border4.C1.32","Border4.C1.32"
"Border",4,"Border4","Control","C2",32,49,0,42,0,1,24,1,0,0,3,2,0,1,1,4,0,0,0,0,0,0,0,0,0,0,2,1,122,131,0.269582909460834,0.272326350606395,"Border4.C2.32","Border4.C2.32"
"Border",4,"Border4","Control","C3",32,36,1,0,0,4,34,0,0,0,2,28,0,1,0,2,0,0,0,0,0,0,0,0,0,0,0,1,105,109,0.195530726256983,0.175208581644815,"Border4.C3.32","Border4.C3.32"
"Border",4,"Border4","Control","C4",32,39,2,0,0,0,16,2,0,0,0,7,0,3,2,9,0,0,0,0,0,0,0,0,0,0,0,0,66,80,0.283697047496791,0.250366032210835,"Border4.C4.32","Border4.C4.32"
"Border",4,"Border4","Drought","D1",32,61,2,2,0,1,25,1,4,2,1,27,0,0,0,1,0,0,0,0,0,0,0,1,0,0,0,0,126,128,0.219361483007209,0.196099674972914,"Border4.D1.32","Border4.D1.32"
"Border",4,"Border4","Drought","D2",32,39,5,57,0,11,16,8,12,1,4,33,1,8,0,4,0,0,0,0,0,0,0,4,0,0,1,2,186,206,0.381137957911146,0.379191745485813,"Border4.D2.32","Border4.D2.32"
"Border",4,"Border4","Drought","D3",32,18,4,31,0,2,38,1,1,0,0,7,0,0,0,4,0,0,0,0,0,0,0,7,0,0,4,1,102,118,0.359828141783029,0.35671100362757,"Border4.D3.32","Border4.D3.32"
"Border",4,"Border4","Drought","D4",32,34,0,1,0,2,22,2,1,2,1,9,0,0,0,3,0,0,0,0,0,0,0,0,0,1,0,0,74,78,0.252918287937743,0.227972027972028,"Border4.D4.32","Border4.D4.32"
"Border",4,"Border4","Control","C1",64,2,1,0,0,3,27,1,2,0,0,2,0,0,1,1,0,0,1,0,0,0,0,0,0,0,3,1,38,45,0.335714285714286,0.308333333333333,"Border4.C1.64","Border4.C1.64"
"Border",4,"Border4","Control","C2",64,1,3,1,0,1,13,0,0,0,0,5,0,0,0,0,0,0,0,0,0,0,0,0,0,0,1,0,24,25,0.19,0.16304347826087,"Border4.C2.64","Border4.C2.64"
"Border",4,"Border4","Control","C3",64,1,3,0,0,1,6,0,0,0,0,1,0,0,0,0,0,0,0,0,0,0,0,0,0,0,0,2,12,14,0.41025641025641,0.367647058823529,"Border4.C3.64","Border4.C3.64"
"Border",4,"Border4","Control","C4",64,3,0,0,0,0,8,0,2,0,0,1,0,1,0,0,0,0,0,0,1,0,0,0,0,0,0,0,14,16,0.402439024390244,0.347222222222222,"Border4.C4.64","Border4.C4.64"
"Border",4,"Border4","Drought","D1",64,0,0,0,0,2,14,0,1,0,3,0,0,0,0,1,0,0,0,0,0,0,0,0,0,0,0,0,20,21,0.304347826086957,0.25,"Border4.D1.64","Border4.D1.64"
"Border",4,"Border4","Drought","D2",64,3,2,0,0,0,4,0,0,0,1,3,0,0,1,0,0,0,0,0,0,0,0,0,0,0,1,0,13,15,0.45,0.442857142857143,"Border4.D2.64","Border4.D2.64"
"Border",4,"Border4","Drought","D3",64,0,0,1,0,0,9,1,0,0,1,4,0,1,1,0,0,0,0,0,0,0,0,0,0,0,1,1,16,20,0.377777777777778,0.381578947368421,"Border4.D3.64","Border4.D3.64"
"Border",4,"Border4","Drought","D4",64,3,1,1,0,7,21,5,0,0,0,5,0,0,2,1,0,0,0,0,0,0,0,0,0,0,2,1,43,49,0.391891891891892,0.376923076923077,"Border4.D4.64","Border4.D4.64"
"Border",5,"Border5","Control","C1",0,43,2,12,0,1,1,4,9,1,0,11,1,1,2,1,0,0,0,0,0,0,0,0,0,0,1,0,84,90,0.1278600269179,0.113669064748201,"Border5.C1.0","Border5.C1.0"
"Border",5,"Border5","Control","C2",0,12,3,20,0,1,5,4,2,1,2,5,0,1,0,0,0,0,0,0,0,0,0,0,0,0,2,1,55,59,0.331179321486268,0.329879101899827,"Border5.C2.0","Border5.C2.0"
"Border",5,"Border5","Control","C3",0,39,3,22,0,0,2,5,15,3,0,7,0,1,0,1,0,0,0,0,0,0,0,0,0,0,2,1,96,101,0.0952986022871665,0.0820995962314939,"Border5.C3.0","Border5.C3.0"
"Border",5,"Border5","Control","C4",0,60,9,20,0,1,0,2,16,3,0,13,1,0,3,0,0,0,0,0,0,0,0,1,0,0,4,0,124,133,0.215300546448087,0.2,"Border5.C4.0","Border5.C4.0"
"Border",5,"Border5","Drought","D1",0,3,10,23,0,1,0,5,2,6,22,8,1,0,1,0,0,0,0,0,0,0,0,0,0,0,1,0,80,83,0.493706293706294,0.496318114874816,"Border5.D1.0","Border5.D1.0"
"Border",5,"Border5","Drought","D2",0,9,7,12,0,3,0,4,5,3,72,23,0,0,0,0,0,0,0,0,0,0,0,0,0,0,0,0,138,138,0.60427807486631,0.593852908891328,"Border5.D2.0","Border5.D2.0"
"Border",5,"Border5","Drought","D3",0,2,3,46,0,1,0,1,5,3,16,12,1,0,0,1,0,0,0,0,0,0,0,0,0,0,1,0,89,92,0.533954727030626,0.532867132867133,"Border5.D3.0","Border5.D3.0"
"Border",5,"Border5","Drought","D4",0,14,9,1,0,4,3,5,1,9,30,20,0,0,0,0,0,0,0,0,1,0,0,3,0,0,6,0,96,106,0.596034696406444,0.588156123822342,"Border5.D4.0","Border5.D4.0"
"Border",5,"Border5","Control","C1",32,10,2,5,0,0,1,1,0,0,1,3,0,0,0,2,0,0,0,0,0,0,0,0,0,0,0,0,23,25,0.689922480620155,0.669658886894075,"Border5.C1.32","Border5.C1.32"
"Border",5,"Border5","Control","C2",32,33,2,10,0,0,16,3,4,0,0,4,0,0,0,2,0,0,0,0,0,0,0,6,0,0,1,2,72,83,0.313568985176739,0.296148738379814,"Border5.C2.32","Border5.C2.32"
"Border",5,"Border5","Control","C3",32,45,20,19,0,1,15,3,0,2,6,85,0,1,1,3,0,0,0,0,0,0,0,59,0,0,1,0,196,261,0.353052234109503,0.301841473178543,"Border5.C3.32","Border5.C3.32"
"Border",5,"Border5","Control","C4",32,83,6,36,0,4,14,0,24,0,1,6,0,0,0,1,0,0,0,0,0,0,0,1,0,0,0,0,174,176,0.391513210568455,0.359173126614987,"Border5.C4.32","Border5.C4.32"
"Border",5,"Border5","Drought","D1",32,39,17,21,0,13,5,2,20,0,6,24,0,0,0,5,0,0,0,0,0,0,0,10,0,0,0,0,147,162,0.215423302598491,0.202279202279202,"Border5.D1.32","Border5.D1.32"
"Border",5,"Border5","Drought","D2",32,45,19,6,0,0,5,1,10,1,4,8,0,0,0,0,0,0,0,0,0,0,0,0,0,0,2,0,99,101,0.32349841938883,0.259001161440186,"Border5.D2.32","Border5.D2.32"
"Border",5,"Border5","Drought","D3",32,26,5,21,0,2,6,4,20,4,8,15,0,0,0,0,0,0,0,0,2,0,0,55,0,0,2,1,111,171,0.352318958502848,0.278327832783278,"Border5.D3.32","Border5.D3.32"
"Border",5,"Border5","Drought","D4",32,28,30,24,0,6,0,0,9,2,17,14,0,0,0,0,0,0,0,0,1,0,0,14,0,0,1,1,130,147,0.345101500441306,0.368527918781726,"Border5.D4.32","Border5.D4.32"
"Border",5,"Border5","Control","C1",64,1,0,1,0,0,1,2,1,0,0,1,0,0,0,0,0,0,0,0,0,0,0,1,0,0,0,0,7,8,0.464788732394366,0.419354838709677,"Border5.C1.64","Border5.C1.64"
"Border",5,"Border5","Control","C2",64,4,2,2,0,0,0,1,0,0,2,2,0,0,1,0,0,0,0,0,0,0,0,0,0,0,0,0,13,14,0.368421052631579,0.325581395348837,"Border5.C2.64","Border5.C2.64"
"Border",5,"Border5","Control","C3",64,1,1,0,0,0,1,0,0,0,0,0,0,1,0,0,0,0,0,0,0,0,0,0,0,0,1,1,3,6,0.555555555555556,0.521739130434783,"Border5.C3.64","Border5.C3.64"
"Border",5,"Border5","Control","C4",64,4,3,2,0,1,1,0,0,0,0,0,0,0,0,0,0,0,0,0,0,0,0,0,0,0,0,0,11,11,0.397590361445783,0.358974358974359,"Border5.C4.64","Border5.C4.64"
"Border",5,"Border5","Drought","D1",64,2,8,5,0,4,2,0,1,0,1,4,0,1,0,1,0,0,0,0,0,0,0,0,0,0,0,2,27,31,0.619631901840491,0.591549295774648,"Border5.D1.64","Border5.D1.64"
"Border",5,"Border5","Drought","D2",64,5,16,12,0,2,7,1,0,0,1,2,0,0,0,1,0,0,0,0,0,0,0,0,0,0,0,1,46,48,0.705627705627706,0.697247706422018,"Border5.D2.64","Border5.D2.64"
"Border",5,"Border5","Drought","D3",64,3,0,4,0,0,1,1,0,0,3,6,0,0,0,1,0,0,0,0,0,0,0,0,0,0,0,0,18,19,0.547826086956522,0.509433962264151,"Border5.D3.64","Border5.D3.64"
"Border",5,"Border5","Drought","D4",64,1,5,11,0,1,2,7,7,1,0,2,0,0,0,0,0,0,0,0,1,0,0,0,0,0,2,2,37,42,0.729468599033816,0.714285714285714,"Border5.D4.64","Border5.D4.64"
"Cork",1,"Cork1","Control","C1",0,8,1,21,0,1,1,11,37,59,29,17,0,2,0,1,0,0,1,0,0,0,0,323,0,0,0,0,185,512,0.447756080849606,0.268253968253968,"Cork1.C1.0","Cork1.C1.0"
"Cork",1,"Cork1","Control","C2",0,0,0,1,0,0,0,1,0,0,2,1,0,0,0,0,0,0,0,0,0,0,0,0,0,0,0,0,5,5,0.955106621773288,0.925925925925926,"Cork1.C2.0","Cork1.C2.0"
"Cork",1,"Cork1","Control","C3",0,2,0,14,0,0,0,2,79,20,84,5,2,0,0,2,0,0,0,0,0,0,0,4,0,0,0,0,206,214,0.410538506079907,0.28125,"Cork1.C3.0","Cork1.C3.0"
"Cork",1,"Cork1","Control","C4",0,1,0,11,0,1,0,8,29,14,60,0,1,0,0,4,0,0,0,0,0,0,0,11,0,0,0,0,124,140,0.338923829489867,0.175196850393701,"Cork1.C4.0","Cork1.C4.0"
"Cork",1,"Cork1","Drought","D1",0,0,0,0,0,0,0,0,0,0,0,0,0,0,0,0,0,0,0,0,0,0,0,0,0,0,0,0,0,0,1,1,"Cork1.D1.0","Cork1.D1.0"
"Cork",1,"Cork1","Drought","D2",0,0,0,0,0,0,0,0,0,0,0,0,0,0,0,0,0,0,0,0,0,0,0,0,0,0,0,0,0,0,1,1,"Cork1.D2.0","Cork1.D2.0"
"Cork",1,"Cork1","Drought","D3",0,0,3,19,0,0,0,0,4,14,194,9,0,0,0,1,0,0,0,0,0,0,0,1,0,0,0,0,243,245,0.647757968665586,0.57372654155496,"Cork1.D3.0","Cork1.D3.0"
"Cork",1,"Cork1","Drought","D4",0,0,4,16,0,0,0,0,8,7,104,11,0,0,0,0,0,0,0,0,0,0,0,1,0,0,0,0,150,151,0.579661016949153,0.453571428571429,"Cork1.D4.0","Cork1.D4.0"
"Cork",1,"Cork1","Control","C1",32,3,1,23,0,0,0,3,22,9,10,7,1,0,0,0,0,0,0,0,0,0,0,29,0,0,2,1,78,111,0.38957345971564,0.378190255220418,"Cork1.C1.32","Cork1.C1.32"
"Cork",1,"Cork1","Control","C2",32,52,13,25,0,0,0,7,32,6,16,2,1,0,0,0,0,0,0,0,0,0,0,0,0,0,0,0,153,154,0.377343113284434,0.349397590361446,"Cork1.C2.32","Cork1.C2.32"
"Cork",1,"Cork1","Control","C3",32,4,2,8,0,0,0,8,17,16,44,3,5,0,1,1,0,0,0,0,0,0,0,15,0,0,0,0,102,124,0.217705510388437,0.208768267223382,"Cork1.C3.32","Cork1.C3.32"
"Cork",1,"Cork1","Control","C4",32,39,2,6,0,0,0,1,14,17,133,5,1,0,0,0,0,0,1,0,0,0,0,0,0,0,3,0,217,222,0.375583722481654,0.354019746121298,"Cork1.C4.32","Cork1.C4.32"
"Cork",1,"Cork1","Drought","D1",32,27,4,30,0,1,1,12,28,7,52,23,9,0,0,0,0,0,0,1,0,0,0,0,0,0,0,4,185,199,0.236673773987207,0.181395348837209,"Cork1.D1.32","Cork1.D1.32"
"Cork",1,"Cork1","Drought","D2",32,10,3,9,0,0,0,1,38,10,146,5,0,0,0,0,0,0,0,0,1,0,0,0,0,0,0,1,222,224,0.418712674187127,0.39221140472879,"Cork1.D2.32","Cork1.D2.32"
"Cork",1,"Cork1","Drought","D3",32,86,5,25,0,0,0,25,20,2,17,4,1,1,0,0,0,0,0,1,0,0,0,1,0,0,0,0,184,188,0.446808510638298,0.426127527216174,"Cork1.D3.32","Cork1.D3.32"
"Cork",1,"Cork1","Drought","D4",32,57,10,30,0,1,0,44,29,19,8,7,0,0,0,0,0,0,0,0,0,0,0,0,0,0,0,2,205,207,0.471855455177206,0.446715328467153,"Cork1.D4.32","Cork1.D4.32"
"Cork",1,"Cork1","Control","C1",64,2,0,1,0,0,0,2,4,1,2,3,0,0,0,0,0,0,0,0,0,0,0,0,0,0,0,1,15,16,0.301587301587302,0.275862068965517,"Cork1.C1.64","Cork1.C1.64"
"Cork",1,"Cork1","Control","C2",64,2,2,0,0,0,0,3,1,0,8,1,0,0,0,3,0,0,0,0,0,0,0,0,0,0,1,1,17,22,0.36,0.32258064516129,"Cork1.C2.64","Cork1.C2.64"
"Cork",1,"Cork1","Control","C3",64,5,1,0,0,1,0,2,3,1,0,1,0,0,0,0,0,0,0,0,0,0,0,0,0,0,0,0,14,14,0.338983050847458,0.303571428571429,"Cork1.C3.64","Cork1.C3.64"
"Cork",1,"Cork1","Control","C4",64,2,0,0,0,0,0,2,2,0,4,0,0,0,0,0,0,0,0,0,0,0,0,0,0,0,0,0,10,10,0.254901960784314,0.208333333333333,"Cork1.C4.64","Cork1.C4.64"
"Cork",1,"Cork1","Drought","D1",64,0,0,1,0,0,0,0,4,0,1,6,0,0,0,0,0,0,0,0,0,0,0,0,0,0,0,0,12,12,0.636363636363636,0.615384615384615,"Cork1.D1.64","Cork1.D1.64"
"Cork",1,"Cork1","Drought","D2",64,1,0,0,0,0,0,1,1,0,7,2,0,0,0,0,0,0,0,0,0,0,0,0,0,0,0,0,12,12,0.436363636363636,0.403846153846154,"Cork1.D2.64","Cork1.D2.64"
"Cork",1,"Cork1","Drought","D3",64,0,0,0,0,0,0,3,1,1,3,1,0,0,0,1,0,0,0,0,0,0,0,0,0,0,0,1,9,11,0.320754716981132,0.326086956521739,"Cork1.D3.64","Cork1.D3.64"
"Cork",1,"Cork1","Drought","D4",64,4,0,0,0,0,0,0,3,0,0,0,0,0,0,0,0,0,0,0,0,0,0,0,0,0,0,0,7,7,0.533333333333333,0.5,"Cork1.D4.64","Cork1.D4.64"
"Cork",2,"Cork2","Control","C1",0,6,28,10,0,1,0,15,26,2,5,4,0,0,1,2,0,0,0,0,1,0,0,8,0,0,0,0,97,109,0.369369369369369,0.351089588377724,"Cork2.C1.0","Cork2.C1.0"
"Cork",2,"Cork2","Control","C2",0,0,0,0,0,0,0,0,0,0,0,0,0,0,0,0,0,0,0,0,0,0,0,0,0,0,0,0,0,0,1,1,"Cork2.C2.0","Cork2.C2.0"
"Cork",2,"Cork2","Control","C3",0,0,0,0,0,0,0,0,0,0,0,0,0,0,0,0,0,0,0,0,0,0,0,0,0,0,0,0,0,0,1,1,"Cork2.C3.0","Cork2.C3.0"
"Cork",2,"Cork2","Control","C4",0,70,12,146,0,0,0,11,79,7,5,11,1,0,0,0,0,1,0,0,0,0,0,0,0,0,0,0,341,343,0.518640350877193,0.514983351831299,"Cork2.C4.0","Cork2.C4.0"
"Cork",2,"Cork2","Drought","D1",0,10,4,7,0,0,0,7,30,2,74,12,0,0,0,0,0,0,0,0,1,0,0,0,0,0,0,0,146,147,0.521153846153846,0.5146771037182,"Cork2.D1.0","Cork2.D1.0"
"Cork",2,"Cork2","Drought","D2",0,3,4,23,0,0,0,0,16,2,25,0,0,0,0,1,0,0,0,0,0,0,0,0,0,0,0,0,73,74,0.454545454545455,0.446575342465753,"Cork2.D2.0","Cork2.D2.0"
"Cork",2,"Cork2","Drought","D3",0,13,10,12,0,0,0,9,5,10,44,4,0,0,0,0,0,0,0,0,1,0,0,0,0,0,0,0,107,108,0.5,0.491916859122402,"Cork2.D3.0","Cork2.D3.0"
"Cork",2,"Cork2","Drought","D4",0,7,6,7,0,0,0,3,21,1,5,2,0,0,0,0,0,0,0,0,0,0,0,0,0,0,0,0,52,52,0.4,0.386996904024768,"Cork2.D4.0","Cork2.D4.0"
"Cork",2,"Cork2","Control","C1",32,17,21,4,0,1,3,7,13,6,14,8,2,1,0,0,0,0,0,0,1,0,0,1,0,0,0,0,94,99,0.365853658536585,0.365280289330922,"Cork2.C1.32","Cork2.C1.32"
"Cork",2,"Cork2","Control","C2",32,8,8,39,0,0,0,11,35,11,73,4,2,0,2,0,0,0,0,0,0,0,0,1,0,1,0,1,189,196,0.295572916666667,0.2907133243607,"Cork2.C2.32","Cork2.C2.32"
"Cork",2,"Cork2","Control","C3",32,117,19,38,0,4,0,7,39,12,42,6,0,2,1,1,0,0,0,0,0,0,0,0,0,0,0,0,284,288,0.241596638655462,0.233654876741693,"Cork2.C3.32","Cork2.C3.32"
"Cork",2,"Cork2","Control","C4",32,33,33,21,0,0,0,10,53,3,9,1,1,0,0,0,0,0,0,0,0,0,0,5,0,0,0,0,163,169,0.250700280112045,0.241678726483357,"Cork2.C4.32","Cork2.C4.32"
"Cork",2,"Cork2","Drought","D1",32,13,19,14,0,0,0,4,7,11,76,6,0,0,0,0,0,0,0,0,1,0,0,0,0,0,0,0,150,151,0.383480825958702,0.372932330827068,"Cork2.D1.32","Cork2.D1.32"
"Cork",2,"Cork2","Drought","D2",32,9,15,11,0,1,3,3,15,4,96,21,0,0,0,0,0,0,0,0,1,0,0,0,0,0,1,0,178,180,0.466032608695652,0.456310679611651,"Cork2.D2.32","Cork2.D2.32"
"Cork",2,"Cork2","Drought","D3",32,48,33,31,0,0,0,6,37,3,267,11,3,0,0,0,0,0,0,0,0,0,0,1,0,0,0,0,436,440,0.442675159235669,0.441390460792239,"Cork2.D3.32","Cork2.D3.32"
"Cork",2,"Cork2","Drought","D4",32,27,19,19,0,0,0,7,45,5,33,6,1,0,0,2,0,0,1,0,0,0,0,0,0,0,0,1,161,166,0.145480225988701,0.128093158660844,"Cork2.D4.32","Cork2.D4.32"
"Cork",2,"Cork2","Control","C1",64,19,3,3,0,1,0,2,6,0,6,0,0,0,1,1,0,0,0,0,0,0,0,0,0,0,0,0,40,42,0.249122807017544,0.234200743494424,"Cork2.C1.64","Cork2.C1.64"
"Cork",2,"Cork2","Control","C2",64,0,1,0,0,0,0,2,3,0,5,1,1,0,1,0,0,0,0,0,0,0,0,0,0,0,0,0,12,14,0.433526011560694,0.426751592356688,"Cork2.C2.64","Cork2.C2.64"
"Cork",2,"Cork2","Control","C3",64,19,1,0,0,0,1,1,9,0,6,1,1,0,0,0,0,0,0,0,0,0,0,0,0,0,1,0,38,40,0.249097472924188,0.233716475095785,"Cork2.C3.64","Cork2.C3.64"
"Cork",2,"Cork2","Control","C4",64,4,0,1,0,0,0,2,9,0,3,0,0,0,0,1,0,0,0,0,0,0,0,0,0,0,1,0,19,21,0.303482587064677,0.286486486486487,"Cork2.C4.64","Cork2.C4.64"
"Cork",2,"Cork2","Drought","D1",64,6,2,0,0,0,0,2,6,0,2,1,1,0,0,0,0,0,0,0,0,0,0,0,0,0,0,0,19,20,0.269035532994924,0.243243243243243,"Cork2.D1.64","Cork2.D1.64"
"Cork",2,"Cork2","Drought","D2",64,16,6,2,0,0,0,1,33,0,10,2,4,0,0,3,0,0,0,0,0,0,0,0,0,0,0,0,70,77,0.491764705882353,0.465295629820051,"Cork2.D2.64","Cork2.D2.64"
"Cork",2,"Cork2","Drought","D3",64,4,11,1,0,0,0,2,32,1,16,6,0,0,0,0,0,0,0,0,0,0,0,0,0,0,4,0,73,77,0.609411764705882,0.596009975062344,"Cork2.D3.64","Cork2.D3.64"
"Cork",2,"Cork2","Drought","D4",64,NA,NA,NA,NA,NA,NA,NA,NA,NA,NA,NA,NA,NA,NA,NA,NA,NA,NA,NA,NA,NA,NA,NA,0,NA,NA,NA,NA,NA,NA,NA,"Cork2.D4.64","Cork2.D4.64"
"Cork",3,"Cork3","Control","C1",0,1,0,0,0,1,1,6,5,0,1,0,0,0,0,0,0,0,0,0,0,0,0,0,0,0,0,0,15,15,0.855072463768116,0.851301115241636,"Cork3.C1.0","Cork3.C1.0"
"Cork",3,"Cork3","Control","C2",0,19,14,2,0,16,13,16,10,6,5,11,0,0,1,6,0,0,0,0,0,0,0,0,0,0,0,0,112,119,0.363344051446945,0.367364016736402,"Cork3.C2.0","Cork3.C2.0"
"Cork",3,"Cork3","Control","C3",0,25,12,1,0,44,32,6,5,6,9,3,0,0,0,1,0,0,0,0,0,0,0,0,0,0,0,0,143,144,0.380952380952381,0.375284306292646,"Cork3.C3.0","Cork3.C3.0"
"Cork",3,"Cork3","Control","C4",0,65,14,3,0,32,22,8,5,3,263,62,0,0,1,9,0,0,0,0,3,0,0,0,0,0,0,0,477,490,0.44574780058651,0.446327683615819,"Cork3.C4.0","Cork3.C4.0"
"Cork",3,"Cork3","Drought","D1",0,9,0,0,0,11,3,1,4,5,1,6,0,0,0,2,0,0,0,0,0,0,0,0,0,0,0,0,40,42,0.651709401709402,0.658213891951488,"Cork3.D1.0","Cork3.D1.0"
"Cork",3,"Cork3","Drought","D2",0,4,0,0,0,19,8,1,3,9,21,19,2,0,1,0,0,0,0,0,0,0,0,0,0,0,0,0,84,87,0.431899641577061,0.418282548476454,"Cork3.D2.0","Cork3.D2.0"
"Cork",3,"Cork3","Drought","D3",0,3,2,0,0,5,3,5,10,2,4,0,0,0,0,1,0,0,0,0,0,0,0,0,0,0,0,0,34,35,0.724669603524229,0.725934314835787,"Cork3.D3.0","Cork3.D3.0"
"Cork",3,"Cork3","Drought","D4",0,20,1,0,0,117,27,7,25,2,30,12,0,0,1,2,0,0,0,0,0,0,0,0,0,0,0,0,241,244,0.444954128440367,0.44593804792519,"Cork3.D4.0","Cork3.D4.0"
"Cork",3,"Cork3","Control","C1",32,20,7,1,0,51,6,22,2,5,13,17,7,0,0,0,0,0,0,0,0,0,0,0,0,0,0,1,144,152,0.210914454277286,0.192955589586524,"Cork3.C1.32","Cork3.C1.32"
"Cork",3,"Cork3","Control","C2",32,52,26,3,0,50,23,27,9,13,6,10,0,1,0,0,0,0,0,0,0,0,0,0,0,0,1,0,219,221,0.156862745098039,0.149439601494396,"Cork3.C2.32","Cork3.C2.32"
"Cork",3,"Cork3","Control","C3",32,42,9,0,0,79,2,12,9,6,11,12,0,2,0,0,0,0,0,0,0,0,0,1,0,0,0,0,182,185,0.169354838709677,0.157750342935528,"Cork3.C3.32","Cork3.C3.32"
"Cork",3,"Cork3","Control","C4",32,67,12,0,0,40,27,7,2,8,10,12,0,0,2,1,0,0,0,0,1,0,0,0,0,0,1,0,185,190,0.192307692307692,0.179591836734694,"Cork3.C4.32","Cork3.C4.32"
"Cork",3,"Cork3","Drought","D1",32,14,12,5,0,16,2,11,17,1,8,8,0,1,0,1,0,0,0,1,1,0,0,0,0,0,0,0,94,98,0.440350877192982,0.432188065099458,"Cork3.D1.32","Cork3.D1.32"
"Cork",3,"Cork3","Drought","D2",32,7,8,0,0,8,0,8,7,1,10,7,0,0,0,0,1,0,0,0,0,0,0,0,0,0,1,0,56,58,0.551020408163265,0.542976939203354,"Cork3.D2.32","Cork3.D2.32"
"Cork",3,"Cork3","Drought","D3",32,26,9,0,0,10,2,9,8,4,6,5,0,0,0,0,0,0,0,1,0,0,0,0,0,0,0,1,79,81,0.427238805970149,0.41491395793499,"Cork3.D3.32","Cork3.D3.32"
"Cork",3,"Cork3","Drought","D4",32,85,11,3,2,75,18,15,32,4,13,14,4,0,0,4,0,0,0,2,0,0,0,0,0,0,2,1,272,285,0.251059322033898,0.234323432343234,"Cork3.D4.32","Cork3.D4.32"
"Cork",3,"Cork3","Control","C1",64,1,2,0,0,8,1,2,0,0,1,1,0,0,0,0,0,0,0,0,0,0,0,0,0,0,0,0,16,16,0.445454545454545,0.386934673366834,"Cork3.C1.64","Cork3.C1.64"
"Cork",3,"Cork3","Control","C2",64,2,2,0,0,5,2,0,4,0,0,5,1,4,0,3,0,0,0,0,0,0,0,0,0,0,0,0,20,28,0.380597014925373,0.386046511627907,"Cork3.C2.64","Cork3.C2.64"
"Cork",3,"Cork3","Control","C3",64,1,1,1,0,11,3,9,0,1,0,2,1,0,0,0,0,0,0,0,0,0,0,0,0,0,0,0,29,30,0.304347826086957,0.258964143426295,"Cork3.C3.64","Cork3.C3.64"
"Cork",3,"Cork3","Control","C4",64,1,21,0,0,8,7,20,2,0,0,11,1,2,3,5,0,0,0,0,1,0,0,0,0,0,0,0,70,82,0.371900826446281,0.368674698795181,"Cork3.C4.64","Cork3.C4.64"
"Cork",3,"Cork3","Drought","D1",64,0,3,0,0,1,0,1,0,0,1,4,0,0,1,1,0,0,0,0,0,0,0,0,0,0,0,0,10,12,0.568627450980392,0.577142857142857,"Cork3.D1.64","Cork3.D1.64"
"Cork",3,"Cork3","Drought","D2",64,11,5,0,0,79,11,5,7,1,4,7,3,1,1,3,1,0,0,0,0,0,0,0,0,0,1,1,130,141,0.625,0.642748091603053,"Cork3.D2.64","Cork3.D2.64"
"Cork",3,"Cork3","Drought","D3",64,2,2,0,0,6,1,0,0,0,1,0,0,0,0,2,0,0,0,0,0,0,0,0,0,0,0,0,12,14,0.528301886792453,0.540983606557377,"Cork3.D3.64","Cork3.D3.64"
"Cork",3,"Cork3","Drought","D4",64,1,11,0,0,21,5,1,4,1,3,0,0,0,2,3,0,0,0,0,0,0,0,0,0,0,0,0,47,52,0.461538461538462,0.461300309597523,"Cork3.D4.64","Cork3.D4.64"
"Cork",4,"Cork4","Control","C1",0,15,10,27,0,0,0,8,33,14,0,0,1,0,1,2,0,0,1,0,0,0,0,1,0,0,0,1,107,114,0.313568985176739,0.302843016069221,"Cork4.C1.0","Cork4.C1.0"
"Cork",4,"Cork4","Control","C2",0,12,26,16,0,0,1,3,14,15,0,7,3,1,0,2,0,0,0,0,0,0,0,0,0,0,0,0,94,100,0.203410475030451,0.16776750330251,"Cork4.C2.0","Cork4.C2.0"
"Cork",4,"Cork4","Control","C3",0,16,4,5,0,0,1,2,10,2,0,2,0,1,0,0,0,0,0,0,1,0,0,21,0,0,0,1,42,66,0.465693430656934,0.431693989071038,"Cork4.C3.0","Cork4.C3.0"
"Cork",4,"Cork4","Control","C4",0,11,18,3,0,1,0,3,8,30,20,44,0,0,1,2,0,0,0,0,0,0,0,0,0,0,0,0,138,141,0.388832487309645,0.371918542336549,"Cork4.C4.0","Cork4.C4.0"
"Cork",4,"Cork4","Drought","D1",0,4,23,74,0,0,0,1,2,21,4,12,1,0,1,0,0,0,0,0,0,0,0,0,0,0,0,0,141,143,0.460221550855992,0.445502645502646,"Cork4.D1.0","Cork4.D1.0"
"Cork",4,"Cork4","Drought","D2",0,2,6,0,0,0,0,0,4,27,15,75,0,0,0,0,0,0,0,0,1,0,0,36,0,0,0,0,129,166,0.622119815668203,0.594202898550725,"Cork4.D2.0","Cork4.D2.0"
"Cork",4,"Cork4","Drought","D3",0,7,16,6,0,0,0,3,1,3,9,13,0,0,0,0,0,0,0,0,0,0,0,0,0,0,0,0,58,58,0.356814701378254,0.314845024469821,"Cork4.D3.0","Cork4.D3.0"
"Cork",4,"Cork4","Drought","D4",0,12,11,0,0,0,0,0,0,1,5,35,0,0,0,0,0,0,0,0,0,0,0,4,0,0,0,0,64,68,0.466089466089466,0.469387755102041,"Cork4.D4.0","Cork4.D4.0"
"Cork",4,"Cork4","Control","C1",32,1,4,19,0,0,0,0,3,2,2,3,0,0,0,3,0,0,0,0,0,0,0,3,0,0,1,1,34,42,0.242524916943522,0.252918287937743,"Cork4.C1.32","Cork4.C1.32"
"Cork",4,"Cork4","Control","C2",32,6,15,24,1,0,0,5,11,3,1,13,1,0,0,0,0,0,0,0,1,0,0,0,0,0,0,0,79,81,0.248803827751196,0.209183673469388,"Cork4.C2.32","Cork4.C2.32"
"Cork",4,"Cork4","Control","C3",32,2,13,11,0,0,0,3,7,1,0,5,0,0,0,3,0,0,0,0,0,0,0,6,0,0,1,0,42,52,0.18429003021148,0.160142348754448,"Cork4.C3.32","Cork4.C3.32"
"Cork",4,"Cork4","Control","C4",32,NA,NA,NA,NA,NA,NA,NA,NA,NA,NA,NA,NA,NA,NA,NA,NA,NA,NA,NA,NA,NA,NA,NA,NA,NA,NA,NA,NA,NA,NA,NA,"Cork4.C4.32","Cork4.C4.32"
"Cork",4,"Cork4","Drought","D1",32,7,34,7,0,0,0,1,7,4,8,3,1,0,0,1,0,0,0,0,0,0,0,1,0,0,0,1,71,75,0.44,0.434782608695652,"Cork4.D1.32","Cork4.D1.32"
"Cork",4,"Cork4","Drought","D2",32,5,3,10,0,0,0,0,2,1,2,54,0,0,0,1,0,0,0,0,0,0,0,0,0,0,0,2,77,80,0.590361445783132,0.580310880829015,"Cork4.D2.32","Cork4.D2.32"
"Cork",4,"Cork4","Drought","D3",32,12,23,14,0,0,1,1,5,3,18,18,0,0,1,0,0,0,0,0,0,0,0,2,0,0,0,0,95,98,0.415778251599147,0.404545454545455,"Cork4.D3.32","Cork4.D3.32"
"Cork",4,"Cork4","Drought","D4",32,24,28,27,0,0,0,5,7,5,2,10,0,0,0,3,0,0,0,0,0,0,0,0,0,0,0,0,108,111,0.37007874015748,0.356993736951983,"Cork4.D4.32","Cork4.D4.32"
"Cork",4,"Cork4","Control","C1",64,NA,NA,NA,NA,NA,NA,NA,NA,NA,NA,NA,NA,NA,NA,NA,NA,NA,NA,NA,NA,NA,NA,NA,NA,NA,NA,NA,NA,NA,NA,NA,"Cork4.C1.64","Cork4.C1.64"
"Cork",4,"Cork4","Control","C2",64,NA,NA,NA,NA,NA,NA,NA,NA,NA,NA,NA,NA,NA,NA,NA,NA,NA,NA,NA,NA,NA,NA,NA,NA,NA,NA,NA,NA,NA,NA,NA,"Cork4.C2.64","Cork4.C2.64"
"Cork",4,"Cork4","Control","C3",64,NA,NA,NA,NA,NA,NA,NA,NA,NA,NA,NA,NA,NA,NA,NA,NA,NA,NA,NA,NA,NA,NA,NA,NA,NA,NA,NA,NA,NA,NA,NA,"Cork4.C3.64","Cork4.C3.64"
"Cork",4,"Cork4","Control","C4",64,NA,NA,NA,NA,NA,NA,NA,NA,NA,NA,NA,NA,NA,NA,NA,NA,NA,NA,NA,NA,NA,NA,NA,NA,NA,NA,NA,NA,NA,NA,NA,"Cork4.C4.64","Cork4.C4.64"
"Cork",4,"Cork4","Drought","D1",64,NA,NA,NA,NA,NA,NA,NA,NA,NA,NA,NA,NA,NA,NA,NA,NA,NA,NA,NA,NA,NA,NA,NA,NA,NA,NA,NA,NA,NA,NA,NA,"Cork4.D1.64","Cork4.D1.64"
"Cork",4,"Cork4","Drought","D2",64,NA,NA,NA,NA,NA,NA,NA,NA,NA,NA,NA,NA,NA,NA,NA,NA,NA,NA,NA,NA,NA,NA,NA,NA,NA,NA,NA,NA,NA,NA,NA,"Cork4.D2.64","Cork4.D2.64"
"Cork",4,"Cork4","Drought","D3",64,NA,NA,NA,NA,NA,NA,NA,NA,NA,NA,NA,NA,NA,NA,NA,NA,NA,NA,NA,NA,NA,NA,NA,NA,NA,NA,NA,NA,NA,NA,NA,"Cork4.D3.64","Cork4.D3.64"
"Cork",4,"Cork4","Drought","D4",64,NA,NA,NA,NA,NA,NA,NA,NA,NA,NA,NA,NA,NA,NA,NA,NA,NA,NA,NA,NA,NA,NA,NA,NA,NA,NA,NA,NA,NA,NA,NA,"Cork4.D4.64","Cork4.D4.64"
"Cork",5,"Cork5","Control","C1",0,115,7,11,0,2,0,2,16,2,2,4,1,1,0,2,0,0,0,0,0,0,0,0,0,0,0,1,161,166,0.256896551724138,0.251577998196574,"Cork5.C1.0","Cork5.C1.0"
"Cork",5,"Cork5","Control","C2",0,20,11,2,0,0,0,1,13,6,0,3,2,0,0,1,0,0,0,0,1,0,0,0,0,0,0,1,56,61,0.375675675675676,0.381712626995646,"Cork5.C2.0","Cork5.C2.0"
"Cork",5,"Cork5","Control","C3",0,35,14,5,0,0,0,1,0,3,4,1,6,2,0,0,0,0,0,0,1,0,0,0,0,0,0,0,63,72,0.36734693877551,0.358437935843794,"Cork5.C3.0","Cork5.C3.0"
"Cork",5,"Cork5","Control","C4",0,69,7,24,0,1,0,7,34,7,5,31,2,0,1,4,0,0,0,0,2,0,0,0,0,0,3,0,185,197,0.257009345794392,0.246473029045643,"Cork5.C4.0","Cork5.C4.0"
"Cork",5,"Cork5","Drought","D1",0,3,7,166,0,2,1,5,9,26,13,40,3,0,1,2,0,0,0,0,1,0,0,0,0,0,0,2,272,281,0.722222222222222,0.74243399871217,"Cork5.D1.0","Cork5.D1.0"
"Cork",5,"Cork5","Drought","D2",0,9,5,4,0,5,0,1,7,14,9,39,0,0,0,0,0,0,0,0,2,0,0,0,0,0,1,0,93,96,0.586363636363636,0.58183990442055,"Cork5.D2.0","Cork5.D2.0"
"Cork",5,"Cork5","Drought","D3",0,6,0,17,0,1,0,0,36,7,0,8,0,0,0,0,0,0,1,0,0,0,0,2,0,0,1,0,75,79,0.544334975369458,0.524183006535948,"Cork5.D3.0","Cork5.D3.0"
"Cork",5,"Cork5","Drought","D4",0,6,6,4,0,1,0,1,2,4,3,8,1,0,0,0,0,0,0,0,0,1,0,0,0,0,2,0,35,39,0.55521472392638,0.543801652892562,"Cork5.D4.0","Cork5.D4.0"
"Cork",5,"Cork5","Control","C1",32,61,3,9,0,1,0,2,7,0,0,3,0,1,1,0,0,0,0,0,0,0,0,0,0,1,0,1,86,90,0.260229132569558,0.255172413793103,"Cork5.C1.32","Cork5.C1.32"
"Cork",5,"Cork5","Control","C2",32,78,4,2,0,0,0,1,8,6,7,5,3,1,2,0,0,0,0,0,0,0,0,0,0,1,0,1,111,119,0.350756533700138,0.347058823529412,"Cork5.C2.32","Cork5.C2.32"
"Cork",5,"Cork5","Control","C3",32,10,5,4,0,0,2,0,2,1,2,1,1,0,0,0,0,0,1,0,0,0,0,0,0,0,0,1,27,30,0.450134770889488,0.453488372093023,"Cork5.C3.32","Cork5.C3.32"
"Cork",5,"Cork5","Control","C4",32,1,0,4,0,0,0,1,3,0,2,1,0,0,0,0,0,0,0,0,0,0,0,0,0,0,0,0,12,12,0.678929765886288,0.661971830985915,"Cork5.C4.32","Cork5.C4.32"
"Cork",5,"Cork5","Drought","D1",32,10,4,16,0,3,2,3,8,4,12,33,1,5,1,0,0,0,0,0,3,0,0,0,0,0,0,1,95,106,0.591111111111111,0.590909090909091,"Cork5.D1.32","Cork5.D1.32"
"Cork",5,"Cork5","Drought","D2",32,73,6,6,0,0,1,4,12,2,1,10,0,1,0,0,0,0,0,0,0,0,0,0,0,0,0,0,115,116,0.356643356643357,0.344827586206897,"Cork5.D2.32","Cork5.D2.32"
"Cork",5,"Cork5","Drought","D3",32,2,0,2,0,0,0,1,0,0,0,2,0,0,0,0,0,0,0,0,0,0,0,0,0,0,0,0,7,7,0.799283154121864,0.787878787878788,"Cork5.D3.32","Cork5.D3.32"
"Cork",5,"Cork5","Drought","D4",32,19,3,2,0,0,0,2,3,0,2,7,0,1,1,0,0,0,0,0,0,0,0,0,0,0,0,0,38,40,0.343065693430657,0.329896907216495,"Cork5.D4.32","Cork5.D4.32"
"Cork",5,"Cork5","Control","C1",64,NA,NA,NA,NA,NA,NA,NA,NA,NA,NA,NA,NA,NA,NA,NA,NA,NA,NA,NA,NA,NA,NA,NA,NA,NA,NA,NA,NA,NA,NA,NA,"Cork5.C1.64","Cork5.C1.64"
"Cork",5,"Cork5","Control","C2",64,NA,NA,NA,NA,NA,NA,NA,NA,NA,NA,NA,NA,NA,NA,NA,NA,NA,NA,NA,NA,NA,NA,NA,NA,NA,NA,NA,NA,NA,NA,NA,"Cork5.C2.64","Cork5.C2.64"
"Cork",5,"Cork5","Control","C3",64,NA,NA,NA,NA,NA,NA,NA,NA,NA,NA,NA,NA,NA,NA,NA,NA,NA,NA,NA,NA,NA,NA,NA,NA,NA,NA,NA,NA,NA,NA,NA,"Cork5.C3.64","Cork5.C3.64"
"Cork",5,"Cork5","Control","C4",64,NA,NA,NA,NA,NA,NA,NA,NA,NA,NA,NA,NA,NA,NA,NA,NA,NA,NA,NA,NA,NA,NA,NA,NA,NA,NA,NA,NA,NA,NA,NA,"Cork5.C4.64","Cork5.C4.64"
"Cork",5,"Cork5","Drought","D1",64,NA,NA,NA,NA,NA,NA,NA,NA,NA,NA,NA,NA,NA,NA,NA,NA,NA,NA,NA,NA,NA,NA,NA,NA,NA,NA,NA,NA,NA,NA,NA,"Cork5.D1.64","Cork5.D1.64"
"Cork",5,"Cork5","Drought","D2",64,NA,NA,NA,NA,NA,NA,NA,NA,NA,NA,NA,NA,NA,NA,NA,NA,NA,NA,NA,NA,NA,NA,NA,NA,NA,NA,NA,NA,NA,NA,NA,"Cork5.D2.64","Cork5.D2.64"
"Cork",5,"Cork5","Drought","D3",64,NA,NA,NA,NA,NA,NA,NA,NA,NA,NA,NA,NA,NA,NA,NA,NA,NA,NA,NA,NA,NA,NA,NA,NA,NA,NA,NA,NA,NA,NA,NA,"Cork5.D3.64","Cork5.D3.64"
"Cork",5,"Cork5","Drought","D4",64,NA,NA,NA,NA,NA,NA,NA,NA,NA,NA,NA,NA,NA,NA,NA,NA,NA,NA,NA,NA,NA,NA,NA,NA,NA,NA,NA,NA,NA,NA,NA,"Cork5.D4.64","Cork5.D4.64"
"Dublin",1,"Dublin1","Control","C1",0,34,4,11,0,0,1,1,8,3,15,4,0,1,0,0,0,0,0,1,0,0,0,0,0,0,1,0,81,84,0.46617915904936,0.455061494796594,"Dublin1.C1.0","Dublin1.C1.0"
"Dublin",1,"Dublin1","Control","C2",0,52,1,16,0,0,1,6,23,5,13,0,0,0,0,6,0,0,1,0,0,0,0,0,0,0,0,0,117,124,0.334928229665072,0.328892589508743,"Dublin1.C2.0","Dublin1.C2.0"
"Dublin",1,"Dublin1","Control","C3",0,107,1,29,0,3,12,7,23,20,7,0,1,0,1,6,0,0,0,0,0,0,0,0,0,0,0,1,209,218,0.179141104294479,0.170172084130019,"Dublin1.C3.0","Dublin1.C3.0"
"Dublin",1,"Dublin1","Control","C4",0,166,10,106,0,21,20,0,0,2,0,1,0,0,2,1,0,0,0,0,1,0,0,1,0,0,1,0,326,332,0.407478427612656,0.404025527736868,"Dublin1.C4.0","Dublin1.C4.0"
"Dublin",1,"Dublin1","Drought","D1",0,54,16,0,0,5,1,19,69,48,300,29,0,1,0,0,0,0,0,0,1,0,0,8,0,2,0,0,541,553,0.732659932659933,0.727994477045219,"Dublin1.D1.0","Dublin1.D1.0"
"Dublin",1,"Dublin1","Drought","D2",0,71,13,35,0,1,5,3,24,59,1360,20,0,0,0,0,0,0,0,0,0,0,0,1,0,1,2,0,1591,1595,0.831045110675259,0.830914470903199,"Dublin1.D2.0","Dublin1.D2.0"
"Dublin",1,"Dublin1","Drought","D3",0,2,9,2,0,0,0,3,15,4,63,0,0,0,0,0,0,0,0,0,0,0,0,0,0,0,0,0,98,98,0.740869565217391,0.735111111111111,"Dublin1.D3.0","Dublin1.D3.0"
"Dublin",1,"Dublin1","Drought","D4",0,18,8,0,0,0,0,0,17,12,450,1,0,0,0,0,0,0,0,0,0,0,0,0,0,0,1,0,506,507,0.847092605886576,0.846935074356184,"Dublin1.D4.0","Dublin1.D4.0"
"Dublin",1,"Dublin1","Control","C1",32,52,21,60,0,0,1,2,34,2,5,8,15,0,0,3,0,0,0,0,0,0,0,0,0,0,0,0,185,203,0.272411798727588,0.249844236760125,"Dublin1.C1.32","Dublin1.C1.32"
"Dublin",1,"Dublin1","Control","C2",32,66,10,36,0,0,1,6,31,3,4,9,0,0,0,8,0,0,0,1,0,0,0,1,0,0,1,0,166,177,0.166769230769231,0.147155003270111,"Dublin1.C2.32","Dublin1.C2.32"
"Dublin",1,"Dublin1","Control","C3",32,119,9,0,0,3,10,5,31,13,2,6,0,0,0,2,0,0,0,0,0,0,0,14,0,0,0,0,198,214,0.204737732656514,0.178032589016295,"Dublin1.C3.32","Dublin1.C3.32"
"Dublin",1,"Dublin1","Control","C4",32,178,18,48,0,9,6,9,34,6,2,6,0,0,0,5,0,0,0,0,0,0,0,1,0,0,1,0,316,323,0.20416478044364,0.196806012212306,"Dublin1.C4.32","Dublin1.C4.32"
"Dublin",1,"Dublin1","Drought","D1",32,344,43,87,0,7,2,9,71,NA,9,109,0,0,0,4,0,14,0,0,1,0,0,0,0,0,0,0,NA,NA,0.541294340644462,0.533800841514727,"Dublin1.D1.32","Dublin1.D1.32"
"Dublin",1,"Dublin1","Drought","D2",32,142,207,83,0,2,2,15,27,4,21,8,7,0,0,5,0,0,0,0,1,0,0,14,0,0,0,1,511,539,0.43377806703547,0.435544860776899,"Dublin1.D2.32","Dublin1.D2.32"
"Dublin",1,"Dublin1","Drought","D3",32,15,6,1,0,0,0,5,32,2,12,9,0,0,0,3,0,0,0,0,0,0,0,4,0,0,1,0,82,90,0.505090054815975,0.520536462699078,"Dublin1.D3.32","Dublin1.D3.32"
"Dublin",1,"Dublin1","Drought","D4",32,35,46,45,0,2,1,3,8,5,18,3,0,0,0,3,0,0,0,0,0,0,0,8,0,0,0,0,166,177,0.420307692307692,0.42053629823414,"Dublin1.D4.32","Dublin1.D4.32"
"Dublin",1,"Dublin1","Control","C1",64,34,15,3,0,0,1,0,5,0,3,1,0,0,0,2,0,0,0,0,0,0,0,1,0,0,1,0,62,66,0.336048879837067,0.31685393258427,"Dublin1.C1.64","Dublin1.C1.64"
"Dublin",1,"Dublin1","Control","C2",64,5,0,1,0,0,1,4,4,0,4,1,0,0,1,0,0,0,0,0,0,0,0,1,0,0,3,0,20,25,0.425076452599388,0.458483754512635,"Dublin1.C2.64","Dublin1.C2.64"
"Dublin",1,"Dublin1","Control","C3",64,29,6,5,0,7,5,5,11,0,3,3,0,0,3,0,0,0,1,0,1,0,0,1,0,0,1,0,74,81,0.234119782214156,0.221095334685598,"Dublin1.C3.64","Dublin1.C3.64"
"Dublin",1,"Dublin1","Control","C4",64,9,2,3,0,6,4,3,4,2,5,3,0,0,5,1,0,0,0,0,0,0,0,1,0,0,6,1,41,55,0.279642058165548,0.263157894736842,"Dublin1.C4.64","Dublin1.C4.64"
"Dublin",1,"Dublin1","Drought","D1",64,21,4,6,0,2,0,8,9,0,15,2,0,0,1,1,0,0,0,0,0,0,0,13,0,0,1,0,67,83,0.330948121645796,0.260215053763441,"Dublin1.D1.64","Dublin1.D1.64"
"Dublin",1,"Dublin1","Drought","D2",64,16,6,9,0,0,0,5,5,0,21,0,1,0,0,2,0,0,0,0,0,0,0,3,0,0,3,0,62,71,0.35812133072407,0.343820224719101,"Dublin1.D2.64","Dublin1.D2.64"
"Dublin",1,"Dublin1","Drought","D3",64,15,1,5,0,4,2,3,5,0,5,11,0,0,0,2,0,0,0,0,0,0,0,1,0,0,1,0,51,55,0.270693512304251,0.241895261845387,"Dublin1.D3.64","Dublin1.D3.64"
"Dublin",1,"Dublin1","Drought","D4",64,33,10,0,0,0,1,1,11,0,1,1,0,0,0,1,0,0,0,0,0,0,0,0,0,0,0,0,58,59,0.382289416846652,0.347319347319347,"Dublin1.D4.64","Dublin1.D4.64"
"Dublin",2,"Dublin2","Control","C1",0,3,2,8,0,0,0,12,7,4,3,4,0,0,0,0,0,0,0,0,0,0,0,0,0,0,1,1,43,45,0.527326440177253,0.498371335504886,"Dublin2.C1.0","Dublin2.C1.0"
"Dublin",2,"Dublin2","Control","C2",0,122,4,37,0,3,1,13,11,7,1,4,3,0,0,1,0,0,0,0,0,0,0,1,0,0,1,0,203,209,0.360840210052513,0.346092503987241,"Dublin2.C2.0","Dublin2.C2.0"
"Dublin",2,"Dublin2","Control","C3",0,8,7,26,0,2,0,2,15,12,2,1,0,0,3,6,0,0,0,0,0,0,0,10,0,0,7,0,75,101,0.283018867924528,0.258760107816712,"Dublin2.C3.0","Dublin2.C3.0"
"Dublin",2,"Dublin2","Control","C4",0,25,16,34,0,1,0,7,13,16,4,5,1,1,0,0,0,0,0,0,0,0,0,12,0,0,6,1,121,142,0.211267605633803,0.190064794816415,"Dublin2.C4.0","Dublin2.C4.0"
"Dublin",2,"Dublin2","Drought","D1",0,14,41,5,0,0,1,1,6,22,25,5,2,0,0,0,0,0,0,0,0,0,0,0,0,0,1,0,120,123,0.585439838220425,0.572668112798265,"Dublin2.D1.0","Dublin2.D1.0"
"Dublin",2,"Dublin2","Drought","D2",0,23,4,29,0,1,1,4,11,13,0,4,3,0,0,0,0,0,0,0,0,0,0,0,0,0,0,0,90,93,0.228998849252014,0.174563591022444,"Dublin2.D2.0","Dublin2.D2.0"
"Dublin",2,"Dublin2","Drought","D3",0,15,8,6,0,5,0,1,6,7,50,3,0,0,0,0,0,0,0,0,0,0,0,0,0,0,0,0,101,101,0.562708102108768,0.534278959810875,"Dublin2.D3.0","Dublin2.D3.0"
"Dublin",2,"Dublin2","Drought","D4",0,16,7,13,0,0,0,1,3,12,36,0,0,0,0,0,0,0,0,0,0,0,0,0,0,0,0,1,88,89,0.505275498241501,0.473551637279597,"Dublin2.D4.0","Dublin2.D4.0"
"Dublin",2,"Dublin2","Control","C1",32,20,3,20,0,0,1,3,1,10,1,1,0,4,3,3,0,0,0,0,0,0,0,0,0,0,0,0,60,70,0.292867981790592,0.270506108202443,"Dublin2.C1.32","Dublin2.C1.32"
"Dublin",2,"Dublin2","Control","C2",32,13,6,18,0,1,0,3,10,10,0,1,0,0,1,4,0,0,0,0,0,0,0,8,0,0,0,1,62,76,0.197657393850659,0.173838209982788,"Dublin2.C2.32","Dublin2.C2.32"
"Dublin",2,"Dublin2","Control","C3",32,4,9,40,0,2,2,7,10,15,2,13,2,0,4,5,0,0,0,0,0,0,0,2,0,0,0,0,104,117,0.251475796930342,0.233644859813084,"Dublin2.C3.32","Dublin2.C3.32"
"Dublin",2,"Dublin2","Control","C4",32,14,7,17,0,5,0,26,12,18,0,8,0,0,0,0,0,0,0,0,0,0,0,7,0,1,1,0,107,116,0.243179122182681,0.211563731931669,"Dublin2.C4.32","Dublin2.C4.32"
"Dublin",2,"Dublin2","Drought","D1",32,34,7,16,0,2,0,14,10,17,23,15,1,2,0,1,0,0,0,1,0,0,0,2,0,0,0,1,138,146,0.339563862928349,0.324293785310734,"Dublin2.D1.32","Dublin2.D1.32"
"Dublin",2,"Dublin2","Drought","D2",32,22,5,17,0,2,0,3,6,10,4,4,0,0,0,2,0,0,0,0,0,0,0,2,0,0,0,0,73,77,0.248908296943231,0.2256,"Dublin2.D2.32","Dublin2.D2.32"
"Dublin",2,"Dublin2","Drought","D3",32,30,6,31,0,7,0,7,7,4,110,1,0,0,0,0,0,0,0,0,1,0,0,0,0,0,1,0,203,205,0.569641367806505,0.551091703056769,"Dublin2.D3.32","Dublin2.D3.32"
"Dublin",2,"Dublin2","Drought","D4",32,20,15,57,0,5,3,10,15,17,356,21,1,0,0,0,0,0,0,0,1,0,0,37,0,0,0,1,519,559,0.730019120458891,0.723536737235367,"Dublin2.D4.32","Dublin2.D4.32"
"Dublin",2,"Dublin2","Control","C1",64,2,1,0,0,0,1,1,2,0,1,0,0,0,2,1,0,0,0,0,0,0,0,1,0,0,0,1,8,13,0.519480519480519,0.553571428571429,"Dublin2.C1.64","Dublin2.C1.64"
"Dublin",2,"Dublin2","Control","C2",64,10,0,3,0,2,0,0,11,0,0,4,0,0,4,0,0,0,0,0,1,0,0,0,0,0,2,0,30,37,0.368,0.3,"Dublin2.C2.64","Dublin2.C2.64"
"Dublin",2,"Dublin2","Control","C3",64,1,2,6,0,1,0,1,1,0,0,6,0,1,0,0,0,0,0,0,0,0,0,0,0,0,0,1,18,20,0.505494505494505,0.486842105263158,"Dublin2.C3.64","Dublin2.C3.64"
"Dublin",2,"Dublin2","Control","C4",64,2,0,1,0,6,2,0,11,0,0,2,0,6,0,2,0,0,0,0,0,0,0,0,0,0,0,0,24,32,0.417391304347826,0.352272727272727,"Dublin2.C4.64","Dublin2.C4.64"
"Dublin",2,"Dublin2","Drought","D1",64,0,1,0,0,1,0,2,2,0,1,1,0,0,0,2,0,0,0,0,0,0,0,0,0,0,0,0,8,10,0.647887323943662,0.607142857142857,"Dublin2.D1.64","Dublin2.D1.64"
"Dublin",2,"Dublin2","Drought","D2",64,0,0,2,0,1,1,2,1,1,1,3,0,0,1,3,0,0,0,0,0,0,0,1,0,0,1,2,12,20,0.494505494505495,0.46875,"Dublin2.D2.64","Dublin2.D2.64"
"Dublin",2,"Dublin2","Drought","D3",64,4,1,2,0,6,1,2,2,0,4,6,0,0,0,0,0,0,0,0,1,0,0,0,0,0,1,0,28,30,0.423423423423423,0.364583333333333,"Dublin2.D3.64","Dublin2.D3.64"
"Dublin",2,"Dublin2","Drought","D4",64,5,4,6,0,1,0,0,2,0,6,0,0,0,0,2,0,0,0,0,0,0,0,1,0,1,0,0,24,28,0.579439252336449,0.534090909090909,"Dublin2.D4.64","Dublin2.D4.64"
"Dublin",3,"Dublin3","Control","C1",0,11,1,29,0,1,0,2,14,5,5,4,2,1,1,1,0,0,0,0,1,0,0,2,0,0,2,4,72,86,0.15818431911967,0.121163166397415,"Dublin3.C1.0","Dublin3.C1.0"
"Dublin",3,"Dublin3","Control","C2",0,8,0,25,0,3,0,3,11,5,2,2,0,0,3,3,0,0,1,0,0,0,0,0,0,0,2,0,59,68,0.218320610687023,0.192239858906526,"Dublin3.C2.0","Dublin3.C2.0"
"Dublin",3,"Dublin3","Control","C3",0,25,0,27,0,0,0,3,9,9,1,5,3,0,2,2,0,0,1,0,0,0,0,1,0,0,9,3,79,100,0.157088122605364,0.125193199381762,"Dublin3.C3.0","Dublin3.C3.0"
"Dublin",3,"Dublin3","Control","C4",0,38,2,30,0,1,0,5,28,10,6,1,0,1,4,1,0,0,0,0,0,0,0,0,0,0,2,0,121,129,0.230255839822024,0.209815950920245,"Dublin3.C4.0","Dublin3.C4.0"
"Dublin",3,"Dublin3","Drought","D1",0,25,5,12,0,12,1,5,8,14,10,4,0,0,0,1,0,0,0,0,0,0,0,1,0,0,0,0,96,98,0.367741935483871,0.334265734265734,"Dublin3.D1.0","Dublin3.D1.0"
"Dublin",3,"Dublin3","Drought","D2",0,6,2,0,0,15,7,0,8,3,2,2,1,0,0,0,0,0,0,0,1,0,0,0,0,0,3,0,45,50,0.626072041166381,0.639921722113503,"Dublin3.D2.0","Dublin3.D2.0"
"Dublin",3,"Dublin3","Drought","D3",0,5,3,21,0,15,1,4,2,12,0,15,1,0,0,1,0,0,0,0,0,0,0,0,0,0,2,0,78,82,0.465541490857947,0.458786936236392,"Dublin3.D3.0","Dublin3.D3.0"
"Dublin",3,"Dublin3","Drought","D4",0,16,4,72,0,7,2,3,7,0,8,8,0,0,0,2,0,0,0,0,0,0,0,0,0,0,0,1,127,130,0.424141749723145,0.406436233611442,"Dublin3.D4.0","Dublin3.D4.0"
"Dublin",3,"Dublin3","Control","C1",32,15,7,16,0,0,8,3,12,0,2,1,0,0,0,2,0,0,0,0,0,0,0,1,0,0,0,1,64,68,0.245469522240527,0.227436823104693,"Dublin3.C1.32","Dublin3.C1.32"
"Dublin",3,"Dublin3","Control","C2",32,7,0,15,0,3,3,3,22,3,3,4,0,0,1,5,0,0,0,0,1,0,0,2,0,0,0,0,63,72,0.136436597110754,0.141818181818182,"Dublin3.C2.32","Dublin3.C2.32"
"Dublin",3,"Dublin3","Control","C3",32,8,3,10,0,4,1,7,36,4,11,4,1,0,3,6,0,0,0,0,0,0,0,3,0,0,0,1,88,102,0.251682368775236,0.249230769230769,"Dublin3.C3.32","Dublin3.C3.32"
"Dublin",3,"Dublin3","Control","C4",32,23,3,19,0,5,4,7,13,0,8,1,0,0,0,5,0,0,0,0,2,0,0,2,0,0,0,1,83,93,0.193776520509194,0.196825396825397,"Dublin3.C4.32","Dublin3.C4.32"
"Dublin",3,"Dublin3","Drought","D1",32,34,12,16,0,19,0,2,20,4,7,14,0,3,1,4,0,0,0,0,0,0,0,9,0,0,0,1,128,146,0.351468988030468,0.340740740740741,"Dublin3.D1.32","Dublin3.D1.32"
"Dublin",3,"Dublin3","Drought","D2",32,2,1,1,0,1,2,0,3,0,0,3,0,0,0,0,0,0,0,0,0,0,0,0,0,0,0,0,13,13,0.741602067183463,0.714285714285714,"Dublin3.D2.32","Dublin3.D2.32"
"Dublin",3,"Dublin3","Drought","D3",32,19,17,50,0,22,4,9,64,3,86,10,1,0,2,4,0,0,0,0,2,0,0,8,0,1,2,0,284,304,0.574468085106383,0.584379358437936,"Dublin3.D3.32","Dublin3.D3.32"
"Dublin",3,"Dublin3","Drought","D4",32,70,8,26,0,2,0,3,13,0,13,1,0,2,0,2,0,0,0,0,1,0,0,0,0,0,0,3,136,144,0.473106476399561,0.463182897862233,"Dublin3.D4.32","Dublin3.D4.32"
"Dublin",3,"Dublin3","Control","C1",64,0,2,2,0,1,0,0,0,0,0,1,0,0,0,2,0,0,0,0,0,0,0,0,0,0,0,0,6,8,0.357142857142857,0.377049180327869,"Dublin3.C1.64","Dublin3.C1.64"
"Dublin",3,"Dublin3","Control","C2",64,1,0,0,0,1,2,0,1,0,0,1,0,0,0,4,0,0,0,0,0,0,0,0,0,0,0,1,6,11,0.416666666666667,0.508196721311475,"Dublin3.C2.64","Dublin3.C2.64"
"Dublin",3,"Dublin3","Control","C3",64,0,1,10,0,0,1,1,2,0,1,0,1,0,0,5,0,0,0,0,0,0,0,0,0,0,0,0,16,22,0.428571428571429,0.465346534653465,"Dublin3.C3.64","Dublin3.C3.64"
"Dublin",3,"Dublin3","Control","C4",64,1,2,0,0,2,0,0,2,1,1,0,0,1,0,1,0,0,0,0,0,0,0,0,0,0,0,0,9,11,0.5,0.479452054794521,"Dublin3.C4.64","Dublin3.C4.64"
"Dublin",3,"Dublin3","Drought","D1",64,1,2,7,0,8,0,2,8,0,3,4,0,0,0,3,0,0,0,0,0,0,0,1,0,0,0,0,35,39,0.567307692307692,0.627118644067797,"Dublin3.D1.64","Dublin3.D1.64"
"Dublin",3,"Dublin3","Drought","D2",64,1,0,1,0,8,3,3,6,0,2,2,0,0,0,3,0,0,0,0,0,0,0,0,0,0,0,0,26,29,0.583333333333333,0.673758865248227,"Dublin3.D2.64","Dublin3.D2.64"
"Dublin",3,"Dublin3","Drought","D3",64,1,1,6,0,2,1,5,3,0,5,1,0,0,0,3,0,0,0,0,0,0,0,0,0,0,0,2,25,30,0.441860465116279,0.489051094890511,"Dublin3.D3.64","Dublin3.D3.64"
"Dublin",3,"Dublin3","Drought","D4",64,0,2,4,0,3,2,5,3,0,5,4,0,1,1,1,0,0,0,0,0,0,0,0,0,0,0,0,28,31,0.556818181818182,0.543624161073825,"Dublin3.D4.64","Dublin3.D4.64"
"Dublin",4,"Dublin4","Control","C1",0,41,0,18,0,1,1,9,9,5,4,3,1,0,5,1,0,0,0,1,0,0,0,0,0,0,1,0,91,100,0.235412474849095,0.22497308934338,"Dublin4.C1.0","Dublin4.C1.0"
"Dublin",4,"Dublin4","Control","C2",0,29,3,9,0,0,0,6,13,10,5,6,1,0,2,0,0,0,1,0,1,0,0,0,0,0,0,0,81,86,0.311300639658849,0.304836895388077,"Dublin4.C2.0","Dublin4.C2.0"
"Dublin",4,"Dublin4","Control","C3",0,75,2,18,0,1,3,12,20,37,2,16,0,0,2,0,0,0,0,0,0,1,0,0,0,0,0,1,186,190,0.196454948301329,0.185637891520244,"Dublin4.C3.0","Dublin4.C3.0"
"Dublin",4,"Dublin4","Control","C4",0,118,1,35,0,1,2,6,1,10,21,12,2,0,0,1,0,0,0,0,0,0,0,3,0,0,4,1,207,218,0.305593451568895,0.292175161521895,"Dublin4.C4.0","Dublin4.C4.0"
"Dublin",4,"Dublin4","Drought","D1",0,1,0,0,0,0,0,0,0,0,0,0,0,0,1,0,0,0,0,0,0,0,0,0,0,0,0,0,1,2,0.973421926910299,0.985940246045694,"Dublin4.D1.0","Dublin4.D1.0"
"Dublin",4,"Dublin4","Drought","D2",0,15,2,5,0,0,1,27,83,10,7,40,0,1,0,0,0,0,0,0,0,0,1,8,0,0,1,0,190,201,0.602288984263233,0.590943396226415,"Dublin4.D2.0","Dublin4.D2.0"
"Dublin",4,"Dublin4","Drought","D3",0,10,1,9,0,0,1,24,23,9,7,11,3,2,1,0,0,0,0,0,1,0,0,0,0,0,0,1,95,103,0.459244532803181,0.447619047619048,"Dublin4.D3.0","Dublin4.D3.0"
"Dublin",4,"Dublin4","Drought","D4",0,0,0,0,0,0,0,0,0,0,0,0,0,0,0,0,0,0,0,0,0,0,0,0,0,0,0,0,0,0,1,1,"Dublin4.D4.0","Dublin4.D4.0"
"Dublin",4,"Dublin4","Control","C1",32,51,5,4,0,0,8,6,35,5,3,6,0,1,0,0,0,0,0,0,0,0,0,26,0,0,0,0,123,150,0.172881355932203,0.165618448637317,"Dublin4.C1.32","Dublin4.C1.32"
"Dublin",4,"Dublin4","Control","C2",32,45,6,32,0,1,13,9,22,8,1,7,2,0,0,4,0,0,0,1,0,0,0,18,0,0,0,1,144,170,0.155555555555556,0.157996146435453,"Dublin4.C2.32","Dublin4.C2.32"
"Dublin",4,"Dublin4","Control","C3",32,42,11,15,0,0,6,3,11,5,13,8,4,0,0,6,0,0,0,0,0,0,0,42,0,1,0,2,114,169,0.181528662420382,0.124183006535948,"Dublin4.C3.32","Dublin4.C3.32"
"Dublin",4,"Dublin4","Control","C4",32,37,3,3,0,0,4,0,15,1,7,11,0,0,2,3,0,0,1,0,1,0,0,3,0,0,0,0,81,91,0.288135593220339,0.216284987277354,"Dublin4.C4.32","Dublin4.C4.32"
"Dublin",4,"Dublin4","Drought","D1",32,59,15,46,0,3,21,13,69,38,8,27,6,1,1,1,0,0,1,0,3,0,0,2,0,0,2,0,299,316,0.473969631236443,0.44270205066345,"Dublin4.D1.32","Dublin4.D1.32"
"Dublin",4,"Dublin4","Drought","D2",32,58,9,29,0,1,4,3,19,11,9,23,2,0,0,11,2,0,1,0,0,0,0,0,0,0,0,0,166,182,0.305810397553517,0.229129662522202,"Dublin4.D2.32","Dublin4.D2.32"
"Dublin",4,"Dublin4","Drought","D3",32,25,5,10,0,0,0,5,12,4,9,10,3,0,0,12,0,0,0,0,2,0,0,0,0,0,0,0,80,97,0.34297520661157,0.237851662404092,"Dublin4.D3.32","Dublin4.D3.32"
"Dublin",4,"Dublin4","Drought","D4",32,5,2,5,0,0,6,1,0,1,18,3,1,0,2,9,0,0,0,1,1,0,0,0,0,0,2,0,41,57,0.660891089108911,0.629392971246006,"Dublin4.D4.32","Dublin4.D4.32"
"Dublin",4,"Dublin4","Control","C1",64,12,0,3,0,0,0,3,8,2,2,2,1,1,0,0,0,0,0,0,0,0,0,2,0,0,0,2,32,38,0.328063241106719,0.317307692307692,"Dublin4.C1.64","Dublin4.C1.64"
"Dublin",4,"Dublin4","Control","C2",64,8,2,0,0,0,1,2,9,1,1,1,0,0,0,1,0,0,0,0,0,0,0,1,0,0,0,3,25,30,0.194570135746606,0.177777777777778,"Dublin4.C2.64","Dublin4.C2.64"
"Dublin",4,"Dublin4","Control","C3",64,3,1,0,0,0,0,1,1,0,3,0,0,1,2,3,0,0,0,0,0,0,0,1,0,0,0,1,9,17,0.443786982248521,0.482758620689655,"Dublin4.C3.64","Dublin4.C3.64"
"Dublin",4,"Dublin4","Control","C4",64,5,2,0,0,0,3,1,1,0,0,2,0,0,1,0,0,0,0,0,0,0,0,0,0,0,0,1,14,16,0.406060606060606,0.382352941176471,"Dublin4.C4.64","Dublin4.C4.64"
"Dublin",4,"Dublin4","Drought","D1",64,2,1,1,0,0,4,2,2,0,0,1,1,0,0,3,0,0,0,0,0,0,0,1,0,0,1,0,13,19,0.468926553672316,0.424242424242424,"Dublin4.D1.64","Dublin4.D1.64"
"Dublin",4,"Dublin4","Drought","D2",64,2,3,1,0,0,0,1,5,0,1,1,0,0,0,1,0,0,0,0,0,0,0,3,0,0,0,0,14,18,0.364161849710983,0.308823529411765,"Dublin4.D2.64","Dublin4.D2.64"
"Dublin",4,"Dublin4","Drought","D3",64,0,4,0,0,0,0,0,0,1,1,3,0,0,0,1,0,0,0,0,0,0,0,0,0,0,0,0,9,10,0.702127659574468,0.706896551724138,"Dublin4.D3.64","Dublin4.D3.64"
"Dublin",4,"Dublin4","Drought","D4",64,3,0,0,0,0,0,0,0,0,1,5,0,0,0,1,0,0,0,0,0,0,0,0,0,0,1,0,9,11,0.655172413793103,0.637931034482759,"Dublin4.D4.64","Dublin4.D4.64"
"Dublin",5,"Dublin5","Control","C1",0,47,0,1,0,0,0,2,11,8,1,4,0,3,4,3,0,0,0,0,0,0,0,2,0,0,0,1,74,87,0.381818181818182,0.422310756972112,"Dublin5.C1.0","Dublin5.C1.0"
"Dublin",5,"Dublin5","Control","C2",0,5,4,1,0,1,1,3,8,4,1,4,0,1,3,2,0,1,0,0,0,0,0,9,0,0,0,0,32,48,0.265033407572383,0.251497005988024,"Dublin5.C2.0","Dublin5.C2.0"
"Dublin",5,"Dublin5","Control","C3",0,4,1,4,0,1,0,0,3,2,2,4,1,0,0,2,0,0,0,0,0,0,0,1,0,0,0,0,21,25,0.478991596638655,0.448275862068966,"Dublin5.C3.0","Dublin5.C3.0"
"Dublin",5,"Dublin5","Control","C4",0,7,11,9,0,2,3,4,10,4,1,28,0,4,5,5,0,0,0,0,0,0,0,3,0,0,0,1,79,97,0.336434108527132,0.35632183908046,"Dublin5.C4.0","Dublin5.C4.0"
"Dublin",5,"Dublin5","Drought","D1",0,16,5,1,0,0,0,1,2,6,8,6,1,1,0,7,0,0,0,0,0,0,0,6,0,0,1,2,45,63,0.308447937131631,0.264248704663212,"Dublin5.D1.0","Dublin5.D1.0"
"Dublin",5,"Dublin5","Drought","D2",0,32,0,0,0,0,0,3,10,2,5,1,0,0,0,2,0,0,0,0,0,0,0,3,0,0,0,1,53,59,0.419878296146045,0.421052631578947,"Dublin5.D2.0","Dublin5.D2.0"
"Dublin",5,"Dublin5","Drought","D3",0,7,1,1,0,0,0,2,2,8,0,5,0,0,1,6,0,0,0,0,0,0,0,1,0,0,0,1,26,35,0.435768261964736,0.419354838709677,"Dublin5.D3.0","Dublin5.D3.0"
"Dublin",5,"Dublin5","Drought","D4",0,10,5,6,0,1,0,1,10,9,7,3,1,0,2,4,0,0,0,0,1,0,0,1,0,0,0,0,52,61,0.317365269461078,0.294685990338164,"Dublin5.D4.0","Dublin5.D4.0"
"Dublin",5,"Dublin5","Control","C1",32,9,4,1,0,0,0,0,8,3,4,3,0,0,0,2,0,0,0,0,0,0,0,1,0,0,0,1,32,36,0.535593220338983,0.45,"Dublin5.C1.32","Dublin5.C1.32"
"Dublin",5,"Dublin5","Control","C2",32,35,8,4,0,0,2,1,0,1,1,11,0,0,3,5,0,0,0,0,0,0,0,0,0,0,0,2,63,73,0.35230352303523,0.283687943262411,"Dublin5.C2.32","Dublin5.C2.32"
"Dublin",5,"Dublin5","Control","C3",32,18,13,1,0,0,0,9,17,1,13,4,0,1,0,9,0,0,0,0,0,0,0,14,0,1,0,2,76,103,0.268065268065268,0.25,"Dublin5.C3.32","Dublin5.C3.32"
"Dublin",5,"Dublin5","Control","C4",32,37,23,22,0,2,5,18,12,0,4,18,0,0,43,3,0,0,0,0,1,2,0,43,0,0,0,1,141,234,0.386396526772793,0.312785388127854,"Dublin5.C4.32","Dublin5.C4.32"
"Dublin",5,"Dublin5","Drought","D1",32,50,7,2,0,2,1,4,7,6,8,5,0,0,0,7,0,0,0,0,0,0,0,0,0,0,1,1,92,101,0.4,0.317647058823529,"Dublin5.D1.32","Dublin5.D1.32"
"Dublin",5,"Dublin5","Drought","D2",32,95,20,1,0,0,3,7,4,17,9,7,0,4,1,30,0,0,0,0,0,1,0,8,0,0,0,1,163,208,0.500782472613459,0.466804979253112,"Dublin5.D2.32","Dublin5.D2.32"
"Dublin",5,"Dublin5","Drought","D3",32,5,16,3,0,0,0,6,0,2,10,2,0,0,0,4,0,0,0,0,1,0,0,15,0,0,1,0,44,65,0.393767705382436,0.430327868852459,"Dublin5.D3.32","Dublin5.D3.32"
"Dublin",5,"Dublin5","Drought","D4",32,43,23,0,0,0,1,2,16,2,2,7,0,0,2,3,0,0,0,0,1,0,0,11,0,0,6,2,96,121,0.337634408602151,0.318965517241379,"Dublin5.D4.32","Dublin5.D4.32"
"Dublin",5,"Dublin5","Control","C1",64,2,3,0,0,0,0,0,0,0,0,1,0,0,1,0,0,0,0,0,0,0,0,0,0,0,0,0,6,7,0.28125,0.263157894736842,"Dublin5.C1.64","Dublin5.C1.64"
"Dublin",5,"Dublin5","Control","C2",64,0,4,0,0,0,0,0,2,0,2,1,0,0,0,0,0,0,0,0,0,0,0,0,0,0,0,0,9,9,0.333333333333333,0.304347826086957,"Dublin5.C2.64","Dublin5.C2.64"
"Dublin",5,"Dublin5","Control","C3",64,1,1,0,0,0,0,0,1,0,0,0,0,0,0,1,0,0,0,0,0,0,0,0,0,0,0,0,3,4,0.5,0.466666666666667,"Dublin5.C3.64","Dublin5.C3.64"
"Dublin",5,"Dublin5","Control","C4",64,4,3,0,0,0,1,1,1,0,4,1,0,0,1,0,0,0,0,0,0,0,0,0,0,0,0,0,15,16,0.3,0.290322580645161,"Dublin5.C4.64","Dublin5.C4.64"
"Dublin",5,"Dublin5","Drought","D1",64,0,4,0,0,0,0,1,1,0,1,1,0,0,1,2,0,0,0,0,0,0,0,1,0,0,0,0,8,12,0.380952380952381,0.292307692307692,"Dublin5.D1.64","Dublin5.D1.64"
"Dublin",5,"Dublin5","Drought","D2",64,3,0,0,0,0,0,1,0,0,2,0,0,0,0,1,0,0,0,0,1,0,0,0,0,0,0,0,6,8,0.558823529411765,0.508771929824561,"Dublin5.D2.64","Dublin5.D2.64"
"Dublin",5,"Dublin5","Drought","D3",64,2,5,0,0,0,2,1,0,0,1,1,0,1,0,2,0,0,0,0,1,0,0,0,0,0,0,0,12,16,0.44,0.333333333333333,"Dublin5.D3.64","Dublin5.D3.64"
"Dublin",5,"Dublin5","Drought","D4",64,7,9,0,0,0,1,0,1,4,2,1,1,0,0,0,0,0,0,0,0,0,0,12,0,0,0,0,25,38,0.659574468085106,0.518796992481203,"Dublin5.D4.64","Dublin5.D4.64"
"Limerick",1,"Limerick1","Control","C1",0,84,6,25,0,1,4,1,31,2,1,5,1,0,2,0,0,0,0,0,0,0,0,7,0,0,0,6,160,176,0.227181878747502,0.213418986438258,"Limerick1.C1.0","Limerick1.C1.0"
"Limerick",1,"Limerick1","Control","C2",0,78,68,58,0,6,10,14,49,3,10,11,2,0,2,1,0,0,0,0,1,0,0,1,0,0,0,3,307,317,0.235835351089588,0.234791352438411,"Limerick1.C2.0","Limerick1.C2.0"
"Limerick",1,"Limerick1","Control","C3",0,1,0,0,0,1,0,5,2,0,0,0,0,0,0,0,0,0,0,0,0,0,0,0,0,0,0,0,9,9,0.913565426170468,0.909661229611041,"Limerick1.C3.0","Limerick1.C3.0"
"Limerick",1,"Limerick1","Control","C4",0,84,64,24,0,3,17,25,43,6,2,17,1,0,1,5,0,0,0,0,0,0,0,2,0,0,0,1,285,295,0.220030349013657,0.216201998947922,"Limerick1.C4.0","Limerick1.C4.0"
"Limerick",1,"Limerick1","Drought","D1",0,27,46,11,0,2,5,7,24,39,4,4,1,0,0,0,0,0,0,0,2,0,0,0,0,1,0,2,169,175,0.338677354709419,0.329157967988866,"Limerick1.D1.0","Limerick1.D1.0"
"Limerick",1,"Limerick1","Drought","D2",0,26,9,1,0,0,3,4,37,3,0,10,0,0,1,0,0,0,0,0,0,0,0,0,0,0,0,0,93,94,0.411764705882353,0.398058252427184,"Limerick1.D2.0","Limerick1.D2.0"
"Limerick",1,"Limerick1","Drought","D3",0,17,45,22,0,1,1,1,12,42,74,19,2,0,0,0,0,0,0,0,0,0,0,0,0,0,0,0,234,236,0.523262492820218,0.515615792575133,"Limerick1.D3.0","Limerick1.D3.0"
"Limerick",1,"Limerick1","Drought","D4",0,21,30,37,0,0,0,11,33,12,2,0,2,0,0,0,0,0,0,0,0,0,0,0,0,0,0,1,146,149,0.272074659009332,0.257992565055762,"Limerick1.D4.0","Limerick1.D4.0"
"Limerick",1,"Limerick1","Control","C1",32,36,10,20,0,0,14,13,22,2,2,1,1,1,0,0,0,0,0,0,0,0,0,1,0,0,0,1,120,124,0.24936170212766,0.222121486854034,"Limerick1.C1.32","Limerick1.C1.32"
"Limerick",1,"Limerick1","Control","C2",32,33,35,52,0,2,15,1,31,2,3,10,0,2,2,0,0,0,0,0,0,0,0,14,0,0,0,0,184,202,0.171486213853396,0.142016188373804,"Limerick1.C2.32","Limerick1.C2.32"
"Limerick",1,"Limerick1","Control","C3",32,41,3,37,0,0,5,7,22,12,2,2,1,0,0,2,0,0,0,0,0,0,0,6,0,0,0,0,131,140,0.239709443099274,0.229293809938971,"Limerick1.C3.32","Limerick1.C3.32"
"Limerick",1,"Limerick1","Control","C4",32,24,88,16,0,0,5,7,14,3,1,30,0,18,1,3,0,0,0,0,0,0,0,1,0,1,0,1,188,213,0.353363814500327,0.332363636363636,"Limerick1.C4.32","Limerick1.C4.32"
"Limerick",1,"Limerick1","Drought","D1",32,12,37,13,0,0,6,4,28,12,1,4,0,0,1,3,0,0,0,0,1,0,0,0,0,0,1,1,117,124,0.29531914893617,0.259395050412466,"Limerick1.D1.32","Limerick1.D1.32"
"Limerick",1,"Limerick1","Drought","D2",32,19,44,3,0,1,0,2,20,0,3,1,0,0,0,2,0,0,0,0,1,0,0,2,0,0,1,0,93,99,0.369302325581395,0.344723618090452,"Limerick1.D2.32","Limerick1.D2.32"
"Limerick",1,"Limerick1","Drought","D3",32,40,21,9,0,2,1,4,7,3,0,6,0,0,0,4,0,0,0,0,0,0,0,0,0,0,0,3,93,100,0.356811862835959,0.316582914572864,"Limerick1.D3.32","Limerick1.D3.32"
"Limerick",1,"Limerick1","Drought","D4",32,120,590,9,0,0,2,4,25,6,4,9,0,0,1,0,0,0,0,0,0,0,0,0,0,0,0,1,769,771,0.741163964921605,0.739389024060557,"Limerick1.D4.32","Limerick1.D4.32"
"Limerick",1,"Limerick1","Control","C1",64,14,7,2,0,0,3,4,9,0,1,0,1,0,2,6,0,0,0,0,0,0,0,2,0,0,0,1,40,52,0.361290322580645,0.355648535564854,"Limerick1.C1.64","Limerick1.C1.64"
"Limerick",1,"Limerick1","Control","C2",64,3,1,2,0,0,2,1,4,0,1,0,0,0,0,4,0,0,0,0,0,0,0,0,0,0,0,0,14,18,0.310344827586207,0.259259259259259,"Limerick1.C2.64","Limerick1.C2.64"
"Limerick",1,"Limerick1","Control","C3",64,3,6,2,0,0,0,1,2,0,2,0,0,1,0,0,0,0,0,0,0,0,0,0,0,0,0,0,16,17,0.352941176470588,0.244755244755245,"Limerick1.C3.64","Limerick1.C3.64"
"Limerick",1,"Limerick1","Control","C4",64,2,5,0,0,0,0,0,0,0,1,1,0,0,6,0,0,0,0,0,0,0,0,0,0,0,0,0,9,15,0.506172839506173,0.443478260869565,"Limerick1.C4.64","Limerick1.C4.64"
"Limerick",1,"Limerick1","Drought","D1",64,0,3,0,0,0,3,2,0,0,0,1,0,0,0,3,0,0,0,0,0,0,0,1,0,0,0,1,9,14,0.531645569620253,0.582608695652174,"Limerick1.D1.64","Limerick1.D1.64"
"Limerick",1,"Limerick1","Drought","D2",64,1,2,0,0,0,2,2,1,0,0,0,0,0,0,0,0,0,0,0,0,0,0,0,0,0,0,0,8,8,0.597014925373134,0.513513513513513,"Limerick1.D2.64","Limerick1.D2.64"
"Limerick",1,"Limerick1","Drought","D3",64,4,4,4,0,0,1,1,2,0,0,1,0,0,0,0,0,0,0,0,0,0,0,0,0,0,0,1,17,18,0.35632183908046,0.251700680272109,"Limerick1.D3.64","Limerick1.D3.64"
"Limerick",1,"Limerick1","Drought","D4",64,3,1,1,0,1,3,2,1,0,1,2,0,0,0,1,0,0,0,0,0,0,0,0,0,0,0,1,15,17,0.470588235294118,0.424460431654676,"Limerick1.D4.64","Limerick1.D4.64"
"Limerick",2,"Limerick2","Control","C1",0,79,10,32,0,1,6,2,4,16,1,17,1,0,2,7,0,0,0,0,0,0,0,4,0,0,0,1,168,183,0.246753246753247,0.239206534422404,"Limerick2.C1.0","Limerick2.C1.0"
"Limerick",2,"Limerick2","Control","C2",0,NA,NA,NA,NA,NA,NA,NA,NA,NA,NA,NA,NA,NA,NA,NA,NA,NA,NA,NA,NA,NA,NA,NA,NA,NA,NA,NA,NA,NA,NA,NA,"Limerick2.C2.0","Limerick2.C2.0"
"Limerick",2,"Limerick2","Control","C3",0,65,16,1,0,0,2,0,1,1,1,1,0,0,0,1,0,0,0,0,0,0,0,0,0,0,0,1,88,90,0.317829457364341,0.306320907617504,"Limerick2.C3.0","Limerick2.C3.0"
"Limerick",2,"Limerick2","Control","C4",0,20,4,3,0,0,5,4,34,9,0,18,0,0,1,2,0,0,0,0,0,0,0,1,0,0,0,1,97,102,0.365638766519824,0.375776397515528,"Limerick2.C4.0","Limerick2.C4.0"
"Limerick",2,"Limerick2","Drought","D1",0,21,15,72,0,5,5,6,6,10,0,17,3,0,0,4,0,0,0,0,0,0,0,2,0,0,0,0,157,166,0.438717067583047,0.444174757281553,"Limerick2.D1.0","Limerick2.D1.0"
"Limerick",2,"Limerick2","Drought","D2",0,62,14,11,0,7,6,40,32,6,2,21,0,0,2,8,0,0,0,0,0,0,0,6,0,0,0,1,201,218,0.294460641399417,0.284518828451883,"Limerick2.D2.0","Limerick2.D2.0"
"Limerick",2,"Limerick2","Drought","D3",0,11,10,6,0,3,12,9,28,7,0,29,0,0,2,11,0,0,0,0,1,0,0,2,0,0,0,1,115,132,0.434500648508431,0.435530085959886,"Limerick2.D3.0","Limerick2.D3.0"
"Limerick",2,"Limerick2","Drought","D4",0,7,6,14,0,1,1,2,13,14,0,7,0,0,0,0,0,0,0,0,0,0,0,0,0,0,1,0,65,66,0.403141361256544,0.375912408759124,"Limerick2.D4.0","Limerick2.D4.0"
"Limerick",2,"Limerick2","Control","C1",32,36,3,5,0,0,0,0,1,0,4,8,0,0,1,0,0,0,0,0,0,0,0,0,0,0,0,0,57,58,0.348547717842324,0.341772151898734,"Limerick2.C1.32","Limerick2.C1.32"
"Limerick",2,"Limerick2","Control","C2",32,112,5,0,0,3,6,3,11,2,0,7,0,0,0,0,0,0,0,0,0,0,0,0,0,0,0,0,149,149,0.242384105960265,0.237333333333333,"Limerick2.C2.32","Limerick2.C2.32"
"Limerick",2,"Limerick2","Control","C3",32,56,4,3,0,1,3,5,13,1,0,11,0,1,0,1,0,0,0,0,1,0,0,1,0,0,0,0,97,101,0.129296235679214,0.117845117845118,"Limerick2.C3.32","Limerick2.C3.32"
"Limerick",2,"Limerick2","Control","C4",32,NA,NA,NA,NA,NA,NA,NA,NA,NA,NA,NA,NA,NA,NA,NA,NA,NA,NA,NA,NA,NA,NA,NA,NA,NA,NA,NA,NA,NA,NA,NA,"Limerick2.C4.32","Limerick2.C4.32"
"Limerick",2,"Limerick2","Drought","D1",32,17,4,1,0,2,1,3,6,1,0,11,1,1,0,5,0,0,0,0,0,0,0,5,0,0,1,1,46,60,0.463114754098361,0.419501133786848,"Limerick2.D1.32","Limerick2.D1.32"
"Limerick",2,"Limerick2","Drought","D2",32,54,10,4,0,0,3,2,6,1,6,16,0,0,1,5,0,0,0,0,0,0,0,0,0,0,0,1,102,109,0.21259842519685,0.185550082101806,"Limerick2.D2.32","Limerick2.D2.32"
"Limerick",2,"Limerick2","Drought","D3",32,27,31,5,0,2,1,4,7,2,0,7,0,0,0,8,0,0,0,0,1,1,0,0,0,0,0,6,86,102,0.469055374592834,0.42602495543672,"Limerick2.D3.32","Limerick2.D3.32"
"Limerick",2,"Limerick2","Drought","D4",32,10,15,3,0,4,3,5,16,2,8,4,1,0,0,2,0,0,0,1,0,0,0,0,0,0,0,0,70,74,0.562264150943396,0.551656920077973,"Limerick2.D4.32","Limerick2.D4.32"
"Limerick",2,"Limerick2","Control","C1",64,NA,NA,NA,NA,NA,NA,NA,NA,NA,NA,NA,NA,NA,NA,NA,NA,NA,NA,NA,NA,NA,NA,NA,NA,NA,NA,NA,NA,NA,NA,NA,"Limerick2.C1.64","Limerick2.C1.64"
"Limerick",2,"Limerick2","Control","C2",64,NA,NA,NA,NA,NA,NA,NA,NA,NA,NA,NA,NA,NA,NA,NA,NA,NA,NA,NA,NA,NA,NA,NA,NA,NA,NA,NA,NA,NA,NA,NA,"Limerick2.C2.64","Limerick2.C2.64"
"Limerick",2,"Limerick2","Control","C3",64,NA,NA,NA,NA,NA,NA,NA,NA,NA,NA,NA,NA,NA,NA,NA,NA,NA,NA,NA,NA,NA,NA,NA,NA,NA,NA,NA,NA,NA,NA,NA,"Limerick2.C3.64","Limerick2.C3.64"
"Limerick",2,"Limerick2","Control","C4",64,NA,NA,NA,NA,NA,NA,NA,NA,NA,NA,NA,NA,NA,NA,NA,NA,NA,NA,NA,NA,NA,NA,NA,NA,NA,NA,NA,NA,NA,NA,NA,"Limerick2.C4.64","Limerick2.C4.64"
"Limerick",2,"Limerick2","Drought","D1",64,NA,NA,NA,NA,NA,NA,NA,NA,NA,NA,NA,NA,NA,NA,NA,NA,NA,NA,NA,NA,NA,NA,NA,NA,NA,NA,NA,NA,NA,NA,NA,"Limerick2.D1.64","Limerick2.D1.64"
"Limerick",2,"Limerick2","Drought","D2",64,NA,NA,NA,NA,NA,NA,NA,NA,NA,NA,NA,NA,NA,NA,NA,NA,NA,NA,NA,NA,NA,NA,NA,NA,NA,NA,NA,NA,NA,NA,NA,"Limerick2.D2.64","Limerick2.D2.64"
"Limerick",2,"Limerick2","Drought","D3",64,NA,NA,NA,NA,NA,NA,NA,NA,NA,NA,NA,NA,NA,NA,NA,NA,NA,NA,NA,NA,NA,NA,NA,NA,NA,NA,NA,NA,NA,NA,NA,"Limerick2.D3.64","Limerick2.D3.64"
"Limerick",2,"Limerick2","Drought","D4",64,NA,NA,NA,NA,NA,NA,NA,NA,NA,NA,NA,NA,NA,NA,NA,NA,NA,NA,NA,NA,NA,NA,NA,NA,NA,NA,NA,NA,NA,NA,NA,"Limerick2.D4.64","Limerick2.D4.64"
"Limerick",3,"Limerick3","Control","C1",0,15,4,4,0,0,1,1,5,1,0,22,0,0,0,3,0,0,0,1,0,0,0,0,0,0,0,0,53,57,0.450306748466258,0.446194225721785,"Limerick3.C1.0","Limerick3.C1.0"
"Limerick",3,"Limerick3","Control","C2",0,32,41,24,0,1,12,7,18,12,0,16,0,1,1,4,0,0,0,0,0,0,0,0,0,0,0,4,163,173,0.246286161063331,0.24126455906822,"Limerick3.C2.0","Limerick3.C2.0"
"Limerick",3,"Limerick3","Control","C3",0,106,17,7,0,0,23,11,10,3,0,20,1,1,0,7,0,0,0,0,0,0,0,1,0,0,2,0,197,209,0.257905832747716,0.254110612855007,"Limerick3.C3.0","Limerick3.C3.0"
"Limerick",3,"Limerick3","Control","C4",0,46,19,9,0,1,10,7,8,8,0,29,0,1,2,4,0,0,0,0,0,0,0,0,0,0,4,0,137,148,0.09245122985581,0.0765027322404372,"Limerick3.C4.0","Limerick3.C4.0"
"Limerick",3,"Limerick3","Drought","D1",0,21,16,46,0,2,11,10,20,85,4,97,1,0,1,2,0,0,1,0,1,0,0,0,0,0,3,0,312,321,0.536076964190273,0.53726362625139,"Limerick3.D1.0","Limerick3.D1.0"
"Limerick",3,"Limerick3","Drought","D2",0,15,31,44,0,3,1,10,2,51,58,9,2,2,0,0,0,0,1,0,0,0,0,0,0,0,0,0,224,229,0.615435795076514,0.605809128630705,"Limerick3.D2.0","Limerick3.D2.0"
"Limerick",3,"Limerick3","Drought","D3",0,8,2,11,0,0,1,2,4,2,0,2,0,0,0,3,0,0,0,0,0,0,0,5,0,0,1,0,32,41,0.613848202396804,0.622418879056047,"Limerick3.D3.0","Limerick3.D3.0"
"Limerick",3,"Limerick3","Drought","D4",0,52,8,23,0,0,0,13,18,38,14,134,4,0,0,1,0,0,0,0,0,0,0,1,0,0,1,2,300,309,0.487657707076248,0.482285714285714,"Limerick3.D4.0","Limerick3.D4.0"
"Limerick",3,"Limerick3","Control","C1",32,28,3,13,0,0,0,0,2,6,3,2,0,2,0,1,0,0,0,0,0,0,0,59,0,0,2,0,57,121,0.419939577039275,0.427642276422764,"Limerick3.C1.32","Limerick3.C1.32"
"Limerick",3,"Limerick3","Control","C2",32,20,12,19,0,4,5,3,16,12,1,51,0,2,0,2,0,0,0,0,0,0,0,31,2,0,2,0,143,182,0.191592562651576,0.199165797705944,"Limerick3.C2.32","Limerick3.C2.32"
"Limerick",3,"Limerick3","Control","C3",32,10,14,18,0,0,5,6,9,4,2,23,0,1,0,2,0,0,0,0,0,0,0,5,0,0,6,0,91,105,0.246501614639397,0.18508655126498,"Limerick3.C3.32","Limerick3.C3.32"
"Limerick",3,"Limerick3","Control","C4",32,8,8,6,0,0,0,4,14,8,0,48,0,0,0,1,0,0,0,0,0,0,0,0,0,0,4,0,96,101,0.312157721796276,0.232166018158236,"Limerick3.C4.32","Limerick3.C4.32"
"Limerick",3,"Limerick3","Drought","D1",32,19,37,6,0,1,2,3,13,2,4,17,2,59,0,1,0,0,0,0,0,0,0,12,0,0,0,0,104,178,0.457821457821458,0.317559153175592,"Limerick3.D1.32","Limerick3.D1.32"
"Limerick",3,"Limerick3","Drought","D2",32,23,19,6,0,0,1,0,8,17,2,3,0,1,0,0,0,0,0,0,0,0,0,2,0,0,1,0,79,83,0.460166468489893,0.399715504978663,"Limerick3.D2.32","Limerick3.D2.32"
"Limerick",3,"Limerick3","Drought","D3",32,26,9,18,0,1,5,5,21,4,0,7,0,4,0,4,0,0,0,0,0,0,0,16,0,0,1,1,96,122,0.299899699097292,0.299610894941634,"Limerick3.D3.32","Limerick3.D3.32"
"Limerick",3,"Limerick3","Drought","D4",32,24,10,7,0,0,0,3,25,11,1,56,0,0,1,0,0,0,0,0,0,0,0,1,0,0,0,0,137,139,0.350234741784038,0.268449197860963,"Limerick3.D4.32","Limerick3.D4.32"
"Limerick",3,"Limerick3","Control","C1",64,6,3,2,0,0,4,2,5,0,4,4,0,0,0,0,0,0,0,0,0,0,0,1,0,0,0,1,30,32,0.298245614035088,0.278048780487805,"Limerick3.C1.64","Limerick3.C1.64"
"Limerick",3,"Limerick3","Control","C2",64,2,1,1,0,0,2,0,2,1,0,5,0,0,0,2,0,0,0,0,0,0,0,1,0,0,0,0,14,17,0.261904761904762,0.26241134751773,"Limerick3.C2.64","Limerick3.C2.64"
"Limerick",3,"Limerick3","Control","C3",64,5,6,0,0,0,0,0,3,0,1,5,0,0,0,4,0,0,0,0,0,1,0,0,0,0,0,1,20,26,0.264705882352941,0.224242424242424,"Limerick3.C3.64","Limerick3.C3.64"
"Limerick",3,"Limerick3","Control","C4",64,4,2,0,0,0,2,0,1,0,0,12,0,0,1,1,0,0,0,0,0,0,0,1,0,0,0,1,21,25,0.27,0.266272189349112,"Limerick3.C4.64","Limerick3.C4.64"
"Limerick",3,"Limerick3","Drought","D1",64,6,6,2,0,0,2,1,5,0,3,11,0,0,0,6,0,0,0,0,1,0,0,0,0,0,0,2,36,45,0.328571428571429,0.266375545851528,"Limerick3.D1.64","Limerick3.D1.64"
"Limerick",3,"Limerick3","Drought","D2",64,2,11,3,0,0,0,1,2,0,2,6,1,1,3,2,0,0,0,0,0,0,0,0,0,0,1,1,27,36,0.401639344262295,0.357512953367876,"Limerick3.D2.64","Limerick3.D2.64"
"Limerick",3,"Limerick3","Drought","D3",64,4,1,0,0,0,2,2,2,0,0,5,1,2,0,1,0,0,0,0,0,0,0,0,0,0,0,0,16,20,0.311111111111111,0.221476510067114,"Limerick3.D3.64","Limerick3.D3.64"
"Limerick",3,"Limerick3","Drought","D4",64,1,2,2,0,0,2,1,2,0,0,61,1,0,0,1,0,0,0,0,0,0,0,0,0,0,0,1,71,74,0.666666666666667,0.680216802168022,"Limerick3.D4.64","Limerick3.D4.64"
"Limerick",4,"Limerick4","Control","C1",0,28,10,5,7,7,10,0,1,13,0,4,1,0,0,4,0,0,0,0,0,0,0,0,0,0,0,0,85,90,0.33952528379773,0.336244541484716,"Limerick4.C1.0","Limerick4.C1.0"
"Limerick",4,"Limerick4","Control","C2",0,30,4,13,0,13,14,6,31,4,0,7,0,0,0,1,0,0,0,0,0,0,0,0,0,0,0,0,122,123,0.257039055404178,0.238721804511278,"Limerick4.C2.0","Limerick4.C2.0"
"Limerick",4,"Limerick4","Control","C3",0,44,10,19,0,11,12,8,15,13,0,21,0,0,0,4,0,14,0,0,0,0,0,0,0,0,0,0,153,171,0.181747873163186,0.156565656565657,"Limerick4.C3.0","Limerick4.C3.0"
"Limerick",4,"Limerick4","Control","C4",0,105,8,3,0,27,29,7,9,15,6,7,1,0,1,5,0,0,0,0,0,0,0,1,0,0,0,1,216,225,0.298873426110007,0.291666666666667,"Limerick4.C4.0","Limerick4.C4.0"
"Limerick",4,"Limerick4","Drought","D1",0,19,11,115,0,37,28,22,25,78,1,42,15,0,0,2,0,0,0,0,2,0,0,3,0,0,2,0,378,402,0.596752368064953,0.582375478927203,"Limerick4.D1.0","Limerick4.D1.0"
"Limerick",4,"Limerick4","Drought","D2",0,10,13,28,0,18,5,6,12,10,0,14,0,0,0,2,0,0,0,0,0,0,0,1,0,0,0,0,116,119,0.36036866359447,0.35,"Limerick4.D2.0","Limerick4.D2.0"
"Limerick",4,"Limerick4","Drought","D3",0,13,0,16,0,40,9,8,17,19,0,2,0,0,0,0,0,0,0,0,0,0,0,0,0,0,2,0,124,126,0.432165318957772,0.41044776119403,"Limerick4.D3.0","Limerick4.D3.0"
"Limerick",4,"Limerick4","Drought","D4",0,10,24,12,0,33,7,4,5,18,0,12,0,0,0,4,0,0,0,0,0,0,0,0,0,0,0,0,125,129,0.409777777777778,0.408921933085502,"Limerick4.D4.0","Limerick4.D4.0"
"Limerick",4,"Limerick4","Control","C1",32,26,30,8,0,22,2,6,21,8,3,1,0,0,0,2,0,0,0,0,0,0,0,1,0,0,1,2,127,133,0.199199199199199,0.187434554973822,"Limerick4.C1.32","Limerick4.C1.32"
"Limerick",4,"Limerick4","Control","C2",32,18,11,5,0,9,0,5,19,8,5,6,0,0,2,2,0,0,0,0,0,0,0,1,0,1,0,0,86,92,0.24311377245509,0.238938053097345,"Limerick4.C2.32","Limerick4.C2.32"
"Limerick",4,"Limerick4","Control","C3",32,5,10,11,0,1,0,2,3,3,1,10,0,0,3,1,0,0,0,0,0,0,0,0,0,0,0,0,46,50,0.481259370314843,0.483359746434231,"Limerick4.C3.32","Limerick4.C3.32"
"Limerick",4,"Limerick4","Control","C4",32,73,18,7,0,39,15,3,1,10,7,15,1,0,1,1,0,0,0,0,0,0,0,0,0,0,0,1,188,192,0.332793522267206,0.332777314428691,"Limerick4.C4.32","Limerick4.C4.32"
"Limerick",4,"Limerick4","Drought","D1",32,38,25,25,0,61,14,4,26,8,1,6,1,0,0,5,0,0,0,0,1,0,0,0,0,0,0,0,208,215,0.345892991710625,0.332290852228303,"Limerick4.D1.32","Limerick4.D1.32"
"Limerick",4,"Limerick4","Drought","D2",32,27,24,18,0,31,3,10,20,12,6,11,1,0,1,2,0,0,0,0,0,0,0,0,0,0,0,1,162,167,0.221145374449339,0.218264840182648,"Limerick4.D2.32","Limerick4.D2.32"
"Limerick",4,"Limerick4","Drought","D3",32,17,17,5,0,40,4,2,19,6,4,11,0,0,0,2,0,0,0,0,1,0,0,0,0,0,0,0,125,128,0.237997957099081,0.224920802534319,"Limerick4.D3.32","Limerick4.D3.32"
"Limerick",4,"Limerick4","Drought","D4",32,13,26,10,0,9,2,0,6,11,5,13,0,0,3,1,0,0,0,0,1,0,0,0,0,0,0,0,95,100,0.291810841983852,0.28174123337364,"Limerick4.D4.32","Limerick4.D4.32"
"Limerick",4,"Limerick4","Control","C1",64,NA,NA,NA,NA,NA,NA,NA,NA,NA,NA,NA,NA,NA,NA,NA,NA,NA,NA,NA,NA,NA,NA,NA,NA,NA,NA,NA,NA,NA,NA,NA,"Limerick4.C1.64","Limerick4.C1.64"
"Limerick",4,"Limerick4","Control","C2",64,NA,NA,NA,NA,NA,NA,NA,NA,NA,NA,NA,NA,NA,NA,NA,NA,NA,NA,NA,NA,NA,NA,NA,NA,NA,NA,NA,NA,NA,NA,NA,"Limerick4.C2.64","Limerick4.C2.64"
"Limerick",4,"Limerick4","Control","C3",64,NA,NA,NA,NA,NA,NA,NA,NA,NA,NA,NA,NA,NA,NA,NA,NA,NA,NA,NA,NA,NA,NA,NA,NA,NA,NA,NA,NA,NA,NA,NA,"Limerick4.C3.64","Limerick4.C3.64"
"Limerick",4,"Limerick4","Control","C4",64,NA,NA,NA,NA,NA,NA,NA,NA,NA,NA,NA,NA,NA,NA,NA,NA,NA,NA,NA,NA,NA,NA,NA,NA,NA,NA,NA,NA,NA,NA,NA,"Limerick4.C4.64","Limerick4.C4.64"
"Limerick",4,"Limerick4","Drought","D1",64,NA,NA,NA,NA,NA,NA,NA,NA,NA,NA,NA,NA,NA,NA,NA,NA,NA,NA,NA,NA,NA,NA,NA,NA,NA,NA,NA,NA,NA,NA,NA,"Limerick4.D1.64","Limerick4.D1.64"
"Limerick",4,"Limerick4","Drought","D2",64,NA,NA,NA,NA,NA,NA,NA,NA,NA,NA,NA,NA,NA,NA,NA,NA,NA,NA,NA,NA,NA,NA,NA,NA,NA,NA,NA,NA,NA,NA,NA,"Limerick4.D2.64","Limerick4.D2.64"
"Limerick",4,"Limerick4","Drought","D3",64,NA,NA,NA,NA,NA,NA,NA,NA,NA,NA,NA,NA,NA,NA,NA,NA,NA,NA,NA,NA,NA,NA,NA,NA,NA,NA,NA,NA,NA,NA,NA,"Limerick4.D3.64","Limerick4.D3.64"
"Limerick",4,"Limerick4","Drought","D4",64,NA,NA,NA,NA,NA,NA,NA,NA,NA,NA,NA,NA,NA,NA,NA,NA,NA,NA,NA,NA,NA,NA,NA,NA,NA,NA,NA,NA,NA,NA,NA,"Limerick4.D4.64","Limerick4.D4.64"
"Limerick",5,"Limerick5","Control","C1",0,57,11,4,0,0,0,3,17,2,1,2,0,4,2,1,0,0,0,0,0,0,0,0,0,0,0,0,97,104,0.359537572254335,0.342398022249691,"Limerick5.C1.0","Limerick5.C1.0"
"Limerick",5,"Limerick5","Control","C2",0,0,0,0,0,0,0,6,9,1,2,0,0,0,0,0,0,0,0,0,0,0,0,0,0,0,0,0,18,18,0.723608445297505,0.707910750507099,"Limerick5.C2.0","Limerick5.C2.0"
"Limerick",5,"Limerick5","Control","C3",0,21,11,25,1,0,0,33,31,10,7,0,1,1,0,4,0,0,0,0,0,0,0,0,0,0,0,1,139,146,0.225556631171346,0.226202661207779,"Limerick5.C3.0","Limerick5.C3.0"
"Limerick",5,"Limerick5","Control","C4",0,47,9,29,0,0,0,8,50,24,0,0,1,0,0,9,0,0,1,1,1,0,0,0,0,0,0,1,167,181,0.29923273657289,0.283746556473829,"Limerick5.C4.0","Limerick5.C4.0"
"Limerick",5,"Limerick5","Drought","D1",0,10,28,44,0,0,0,3,4,51,2,10,2,1,0,0,0,0,0,0,0,0,0,0,0,0,1,1,152,157,0.606313834726091,0.603498542274053,"Limerick5.D1.0","Limerick5.D1.0"
"Limerick",5,"Limerick5","Drought","D2",0,0,0,0,0,0,0,0,0,0,0,0,0,0,0,0,0,0,0,0,0,0,0,0,0,0,0,0,0,0,1,1,"Limerick5.D2.0","Limerick5.D2.0"
"Limerick",5,"Limerick5","Drought","D3",0,0,0,0,0,0,0,0,0,0,0,0,0,0,0,0,0,0,0,0,0,0,0,0,0,0,0,0,0,0,1,1,"Limerick5.D3.0","Limerick5.D3.0"
"Limerick",5,"Limerick5","Drought","D4",0,0,0,0,0,0,0,0,0,0,0,0,0,0,0,0,0,0,0,0,0,0,0,0,0,0,0,0,0,0,1,1,"Limerick5.D4.0","Limerick5.D4.0"
"Limerick",5,"Limerick5","Control","C1",32,24,3,22,0,0,0,9,58,10,0,5,0,0,2,2,0,0,0,0,1,0,0,6,0,0,1,0,131,143,0.258753202391119,0.221449851042701,"Limerick5.C1.32","Limerick5.C1.32"
"Limerick",5,"Limerick5","Control","C2",32,10,21,24,0,0,0,10,36,8,5,2,1,34,0,12,0,0,0,0,1,0,0,31,0,0,1,0,116,196,0.297180043383948,0.205913410770855,"Limerick5.C2.32","Limerick5.C2.32"
"Limerick",5,"Limerick5","Control","C3",32,40,4,38,0,0,0,2,16,6,1,3,0,1,0,2,0,0,1,0,0,0,0,9,0,0,1,0,110,124,0.238356164383562,0.211267605633803,"Limerick5.C3.32","Limerick5.C3.32"
"Limerick",5,"Limerick5","Control","C4",32,37,16,41,0,0,0,8,14,4,1,5,0,0,2,2,0,0,0,0,0,0,0,4,0,1,1,0,126,136,0.242344706911636,0.189463019250253,"Limerick5.C4.32","Limerick5.C4.32"
"Limerick",5,"Limerick5","Drought","D1",32,21,25,31,0,2,0,5,5,6,4,7,2,1,1,1,0,0,0,0,0,0,0,2,0,0,0,0,106,113,0.316841103710752,0.254685777287762,"Limerick5.D1.32","Limerick5.D1.32"
"Limerick",5,"Limerick5","Drought","D2",32,27,4,14,0,0,0,5,9,25,0,8,0,0,2,1,0,0,0,0,0,0,0,2,0,0,2,1,92,100,0.401401401401401,0.344300822561692,"Limerick5.D2.32","Limerick5.D2.32"
"Limerick",5,"Limerick5","Drought","D3",32,11,18,68,0,0,0,7,30,9,1,7,2,3,0,1,0,0,0,0,0,0,0,3,1,0,1,0,151,162,0.292702485966319,0.249310027598896,"Limerick5.D3.32","Limerick5.D3.32"
"Limerick",5,"Limerick5","Drought","D4",32,28,21,30,0,0,0,9,37,13,4,2,1,1,0,3,0,0,0,0,0,0,0,1,0,0,1,0,144,151,0.175394846217789,0.110481586402266,"Limerick5.D4.32","Limerick5.D4.32"
"Limerick",5,"Limerick5","Control","C1",64,1,4,4,0,0,0,0,1,0,0,2,0,0,3,0,0,0,0,0,0,0,0,0,0,0,0,0,12,15,0.303030303030303,0.264150943396226,"Limerick5.C1.64","Limerick5.C1.64"
"Limerick",5,"Limerick5","Control","C2",64,2,3,1,0,0,0,0,0,0,1,7,0,0,2,0,0,0,0,0,0,0,0,0,0,0,0,0,14,16,0.352941176470588,0.350877192982456,"Limerick5.C2.64","Limerick5.C2.64"
"Limerick",5,"Limerick5","Control","C3",64,0,1,2,0,0,0,3,0,0,0,0,0,1,1,0,0,0,0,0,0,0,0,0,0,0,0,0,6,8,0.538461538461538,0.560975609756098,"Limerick5.C3.64","Limerick5.C3.64"
"Limerick",5,"Limerick5","Control","C4",64,2,5,3,0,0,0,3,7,0,1,5,2,1,1,0,0,0,0,0,1,0,0,1,0,0,0,1,26,33,0.323529411764706,0.283950617283951,"Limerick5.C4.64","Limerick5.C4.64"
"Limerick",5,"Limerick5","Drought","D1",64,0,6,3,0,0,0,1,7,0,3,5,1,0,1,3,0,0,0,0,0,0,0,0,0,0,0,1,25,31,0.408163265306122,0.354430379746835,"Limerick5.D1.64","Limerick5.D1.64"
"Limerick",5,"Limerick5","Drought","D2",64,0,0,1,0,0,0,5,0,0,1,0,0,0,0,0,0,0,0,0,0,0,0,0,0,0,0,0,7,7,0.76,0.720930232558139,"Limerick5.D2.64","Limerick5.D2.64"
"Limerick",5,"Limerick5","Drought","D3",64,2,10,2,0,0,0,4,0,1,5,1,0,1,0,3,0,0,0,0,0,0,0,0,0,0,0,0,25,29,0.574468085106383,0.518987341772152,"Limerick5.D3.64","Limerick5.D3.64"
"Limerick",5,"Limerick5","Drought","D4",64,2,1,0,0,0,0,4,16,1,4,2,0,0,0,0,0,0,0,1,0,0,0,0,0,0,0,1,30,32,0.66,0.629213483146067,"Limerick5.D4.64","Limerick5.D4.64"
