"Region","Farm","treatment","CODE","timestep","day","site_ID","DRY.WEIGHT.NON.RM","control_mean","metric","plot_meanC_ratio","acc_rain"
"Border","1","Drought","D1","0",0,"Border1",7.765,11.02,"DRY WEIGHT NON RM",0.704627949183303,0
"Border","1","Drought","D2","0",0,"Border1",4.335,11.02,"DRY WEIGHT NON RM",0.393375680580762,0
"Border","1","Drought","D3","0",0,"Border1",9.525,11.02,"DRY WEIGHT NON RM",0.864337568058076,0
"Border","1","Drought","D4","0",0,"Border1",1.995,11.02,"DRY WEIGHT NON RM",0.181034482758621,0
"Border","1","Control","C1","0",0,"Border1",10.465,11.02,"DRY WEIGHT NON RM",0.949637023593466,185.780075549534
"Border","1","Control","C2","0",0,"Border1",13.805,11.02,"DRY WEIGHT NON RM",1.252722323049,185.780075549534
"Border","1","Control","C3","0",0,"Border1",9.605,11.02,"DRY WEIGHT NON RM",0.871597096188748,185.780075549534
"Border","1","Control","C4","0",0,"Border1",10.205,11.02,"DRY WEIGHT NON RM",0.926043557168784,185.780075549534
"Border","2","Drought","D1","0",0,"Border2",9.995,7.9675,"DRY WEIGHT NON RM",1.25447128961406,0
"Border","2","Drought","D2","0",0,"Border2",5.955,7.9675,"DRY WEIGHT NON RM",0.747411358644493,0
"Border","2","Drought","D3","0",0,"Border2",7.615,7.9675,"DRY WEIGHT NON RM",0.955757765924066,0
"Border","2","Drought","D4","0",0,"Border2",8.495,7.9675,"DRY WEIGHT NON RM",1.06620646375902,0
"Border","2","Control","C1","0",0,"Border2",6.695,7.9675,"DRY WEIGHT NON RM",0.840288672732978,188.335896968578
"Border","2","Control","C2","0",0,"Border2",8.725,7.9675,"DRY WEIGHT NON RM",1.09507373705679,188.335896968578
"Border","2","Control","C3","0",0,"Border2",6.075,7.9675,"DRY WEIGHT NON RM",0.762472544712896,188.335896968578
"Border","2","Control","C4","0",0,"Border2",10.375,7.9675,"DRY WEIGHT NON RM",1.30216504549733,188.335896968578
"Border","3","Drought","D1","0",0,"Border3",7.135,6.5875,"DRY WEIGHT NON RM",1.0831119544592,0
"Border","3","Drought","D2","0",0,"Border3",5.475,6.5875,"DRY WEIGHT NON RM",0.83111954459203,0
"Border","3","Drought","D3","0",0,"Border3",4.335,6.5875,"DRY WEIGHT NON RM",0.658064516129032,0
"Border","3","Drought","D4","0",0,"Border3",5.625,6.5875,"DRY WEIGHT NON RM",0.853889943074004,0
"Border","3","Control","C1","0",0,"Border3",7.675,6.5875,"DRY WEIGHT NON RM",1.16508538899431,199.039627553407
"Border","3","Control","C2","0",0,"Border3",5.515,6.5875,"DRY WEIGHT NON RM",0.83719165085389,199.039627553407
"Border","3","Control","C3","0",0,"Border3",5.805,6.5875,"DRY WEIGHT NON RM",0.881214421252372,199.039627553407
"Border","3","Control","C4","0",0,"Border3",7.355,6.5875,"DRY WEIGHT NON RM",1.11650853889943,199.039627553407
"Border","4","Drought","D1","0",0,"Border4",6.195,8.5725,"DRY WEIGHT NON RM",0.722659667541557,0
"Border","4","Drought","D2","0",0,"Border4",5.555,8.5725,"DRY WEIGHT NON RM",0.648002333041703,0
"Border","4","Drought","D3","0",0,"Border4",5.795,8.5725,"DRY WEIGHT NON RM",0.675998833479148,0
"Border","4","Drought","D4","0",0,"Border4",5.615,8.5725,"DRY WEIGHT NON RM",0.655001458151064,0
"Border","4","Control","C1","0",0,"Border4",11.695,8.5725,"DRY WEIGHT NON RM",1.36424613589968,216.97160530095
"Border","4","Control","C2","0",0,"Border4",7.175,8.5725,"DRY WEIGHT NON RM",0.836978710994459,216.97160530095
"Border","4","Control","C3","0",0,"Border4",7.815,8.5725,"DRY WEIGHT NON RM",0.911636045494313,216.97160530095
"Border","4","Control","C4","0",0,"Border4",7.605,8.5725,"DRY WEIGHT NON RM",0.887139107611549,216.97160530095
"Border","5","Drought","D1","0",0,"Border5",2.245,9.8925,"DRY WEIGHT NON RM",0.226939600707607,0
"Border","5","Drought","D2","0",0,"Border5",6.225,9.8925,"DRY WEIGHT NON RM",0.629264594389689,0
"Border","5","Drought","D3","0",0,"Border5",3.905,9.8925,"DRY WEIGHT NON RM",0.394743492544857,0
"Border","5","Drought","D4","0",0,"Border5",4.785,9.8925,"DRY WEIGHT NON RM",0.483699772554966,0
"Border","5","Control","C1","0",0,"Border5",10.265,9.8925,"DRY WEIGHT NON RM",1.03765478898155,195.046963216353
"Border","5","Control","C2","0",0,"Border5",10.745,9.8925,"DRY WEIGHT NON RM",1.08617639625979,195.046963216353
"Border","5","Control","C3","0",0,"Border5",10.005,9.8925,"DRY WEIGHT NON RM",1.01137225170584,195.046963216353
"Border","5","Control","C4","0",0,"Border5",8.555,9.8925,"DRY WEIGHT NON RM",0.864796563052818,195.046963216353
"Dublin","1","Drought","D1","0",0,"Dublin1",5.125,13.24,"DRY WEIGHT NON RM",0.387084592145015,0
"Dublin","1","Drought","D2","0",0,"Dublin1",5.355,13.24,"DRY WEIGHT NON RM",0.404456193353474,0
"Dublin","1","Drought","D3","0",0,"Dublin1",9.485,13.24,"DRY WEIGHT NON RM",0.716389728096677,0
"Dublin","1","Drought","D4","0",0,"Dublin1",3.355,13.24,"DRY WEIGHT NON RM",0.253398791540785,0
"Dublin","1","Control","C1","0",0,"Dublin1",8.675,13.24,"DRY WEIGHT NON RM",0.655211480362538,177.287943840308
"Dublin","1","Control","C2","0",0,"Dublin1",19.405,13.24,"DRY WEIGHT NON RM",1.46563444108761,177.287943840308
"Dublin","1","Control","C3","0",0,"Dublin1",14.245,13.24,"DRY WEIGHT NON RM",1.07590634441088,177.287943840308
"Dublin","1","Control","C4","0",0,"Dublin1",10.635,13.24,"DRY WEIGHT NON RM",0.803247734138973,177.287943840308
"Dublin","2","Drought","D1","0",0,"Dublin2",8.445,9.5725,"DRY WEIGHT NON RM",0.882214677461478,0
"Dublin","2","Drought","D2","0",0,"Dublin2",5.405,9.5725,"DRY WEIGHT NON RM",0.564638286758945,0
"Dublin","2","Drought","D3","0",0,"Dublin2",4.545,9.5725,"DRY WEIGHT NON RM",0.474797597283886,0
"Dublin","2","Drought","D4","0",0,"Dublin2",7.205,9.5725,"DRY WEIGHT NON RM",0.752676939148603,0
"Dublin","2","Control","C1","0",0,"Dublin2",7.795,9.5725,"DRY WEIGHT NON RM",0.814311830765213,224.530735493088
"Dublin","2","Control","C2","0",0,"Dublin2",9.375,9.5725,"DRY WEIGHT NON RM",0.979367981196135,224.530735493088
"Dublin","2","Control","C3","0",0,"Dublin2",10.985,9.5725,"DRY WEIGHT NON RM",1.14755810916688,224.530735493088
"Dublin","2","Control","C4","0",0,"Dublin2",10.135,9.5725,"DRY WEIGHT NON RM",1.05876207887177,224.530735493088
"Dublin","3","Drought","D1","0",0,"Dublin3",9.705,13.0275,"DRY WEIGHT NON RM",0.74496257915947,0
"Dublin","3","Drought","D2","0",0,"Dublin3",7.355,13.0275,"DRY WEIGHT NON RM",0.564574937631932,0
"Dublin","3","Drought","D3","0",0,"Dublin3",5.995,13.0275,"DRY WEIGHT NON RM",0.460180387641528,0
"Dublin","3","Drought","D4","0",0,"Dublin3",6.605,13.0275,"DRY WEIGHT NON RM",0.507004413740165,0
"Dublin","3","Control","C1","0",0,"Dublin3",12.905,13.0275,"DRY WEIGHT NON RM",0.990596814431011,222.173375607019
"Dublin","3","Control","C2","0",0,"Dublin3",13.365,13.0275,"DRY WEIGHT NON RM",1.0259067357513,222.173375607019
"Dublin","3","Control","C3","0",0,"Dublin3",11.515,13.0275,"DRY WEIGHT NON RM",0.883899443484936,222.173375607019
"Dublin","3","Control","C4","0",0,"Dublin3",14.325,13.0275,"DRY WEIGHT NON RM",1.09959700633276,222.173375607019
"Dublin","4","Drought","D1","0",0,"Dublin4",5.694,10.15175,"DRY WEIGHT NON RM",0.560888516758194,0
"Dublin","4","Drought","D2","0",0,"Dublin4",5.12,10.15175,"DRY WEIGHT NON RM",0.504346541236733,0
"Dublin","4","Drought","D3","0",0,"Dublin4",2.971,10.15175,"DRY WEIGHT NON RM",0.292658901174674,0
"Dublin","4","Drought","D4","0",0,"Dublin4",4.166,10.15175,"DRY WEIGHT NON RM",0.410372595857857,0
"Dublin","4","Control","C1","0",0,"Dublin4",9.086,10.15175,"DRY WEIGHT NON RM",0.89501810032753,225.163606643712
"Dublin","4","Control","C2","0",0,"Dublin4",9.643,10.15175,"DRY WEIGHT NON RM",0.949885487723792,225.163606643712
"Dublin","4","Control","C3","0",0,"Dublin4",8.824,10.15175,"DRY WEIGHT NON RM",0.869209742162681,225.163606643712
"Dublin","4","Control","C4","0",0,"Dublin4",13.054,10.15175,"DRY WEIGHT NON RM",1.285886669786,225.163606643712
"Dublin","5","Drought","D1","0",0,"Dublin5",5.113,6.599,"DRY WEIGHT NON RM",0.774814365813002,0
"Dublin","5","Drought","D2","0",0,"Dublin5",2.591,6.599,"DRY WEIGHT NON RM",0.392635247764813,0
"Dublin","5","Drought","D3","0",0,"Dublin5",5.025,6.599,"DRY WEIGHT NON RM",0.761479011971511,0
"Dublin","5","Drought","D4","0",0,"Dublin5",9.239,6.599,"DRY WEIGHT NON RM",1.40006061524473,0
"Dublin","5","Control","C1","0",0,"Dublin5",11.98,6.599,"DRY WEIGHT NON RM",1.81542657978482,223.097031593336
"Dublin","5","Control","C2","0",0,"Dublin5",5.461,6.599,"DRY WEIGHT NON RM",0.827549628731626,223.097031593336
"Dublin","5","Control","C3","0",0,"Dublin5",6.535,6.599,"DRY WEIGHT NON RM",0.990301560842552,223.097031593336
"Dublin","5","Control","C4","0",0,"Dublin5",2.42,6.599,"DRY WEIGHT NON RM",0.366722230641006,223.097031593336
"Limerick","1","Drought","D1","0",0,"Limerick1",3.945,14.9675,"DRY WEIGHT NON RM",0.263571070653082,0
"Limerick","1","Drought","D2","0",0,"Limerick1",4.805,14.9675,"DRY WEIGHT NON RM",0.321028895941206,0
"Limerick","1","Drought","D3","0",0,"Limerick1",1.675,14.9675,"DRY WEIGHT NON RM",0.111909136462335,0
"Limerick","1","Drought","D4","0",0,"Limerick1",4.785,14.9675,"DRY WEIGHT NON RM",0.319692667446133,0
"Limerick","1","Control","C1","0",0,"Limerick1",15.215,14.9675,"DRY WEIGHT NON RM",1.01653582762652,250.567164420965
"Limerick","1","Control","C2","0",0,"Limerick1",17.175,14.9675,"DRY WEIGHT NON RM",1.14748622014364,250.567164420965
"Limerick","1","Control","C3","0",0,"Limerick1",15.205,14.9675,"DRY WEIGHT NON RM",1.01586771337899,250.567164420965
"Limerick","1","Control","C4","0",0,"Limerick1",12.275,14.9675,"DRY WEIGHT NON RM",0.820110238850843,250.567164420965
"Limerick","2","Drought","D1","0",0,"Limerick2",13.735,21.465,"DRY WEIGHT NON RM",0.639878872583275,0
"Limerick","2","Drought","D2","0",0,"Limerick2",10.605,21.465,"DRY WEIGHT NON RM",0.494060097833683,0
"Limerick","2","Drought","D3","0",0,"Limerick2",7.165,21.465,"DRY WEIGHT NON RM",0.333799208013044,0
"Limerick","2","Drought","D4","0",0,"Limerick2",9.345,21.465,"DRY WEIGHT NON RM",0.435359888190077,0
"Limerick","2","Control","C1","0",0,"Limerick2",24.525,21.465,"DRY WEIGHT NON RM",1.14255765199161,208.654193879772
"Limerick","2","Control","C2","0",0,"Limerick2",18.765,21.465,"DRY WEIGHT NON RM",0.874213836477987,208.654193879772
"Limerick","2","Control","C3","0",0,"Limerick2",22.345,21.465,"DRY WEIGHT NON RM",1.04099697181458,208.654193879772
"Limerick","2","Control","C4","0",0,"Limerick2",20.225,21.465,"DRY WEIGHT NON RM",0.942231539715817,208.654193879772
"Limerick","3","Drought","D1","0",0,"Limerick3",7.115,14.0425,"DRY WEIGHT NON RM",0.506676161652127,0
"Limerick","3","Drought","D2","0",0,"Limerick3",12.225,14.0425,"DRY WEIGHT NON RM",0.870571479437422,0
"Limerick","3","Drought","D3","0",0,"Limerick3",10.535,14.0425,"DRY WEIGHT NON RM",0.750222538721738,0
"Limerick","3","Drought","D4","0",0,"Limerick3",10.135,14.0425,"DRY WEIGHT NON RM",0.721737582339327,0
"Limerick","3","Control","C1","0",0,"Limerick3",14.795,14.0425,"DRY WEIGHT NON RM",1.05358732419441,217.370493412843
"Limerick","3","Control","C2","0",0,"Limerick3",15.895,14.0425,"DRY WEIGHT NON RM",1.13192095424604,217.370493412843
"Limerick","3","Control","C3","0",0,"Limerick3",11.235,14.0425,"DRY WEIGHT NON RM",0.800071212390956,217.370493412843
"Limerick","3","Control","C4","0",0,"Limerick3",14.245,14.0425,"DRY WEIGHT NON RM",1.0144205091686,217.370493412843
"Limerick","4","Drought","D1","0",0,"Limerick4",17.735,12.075,"DRY WEIGHT NON RM",1.46873706004141,0
"Limerick","4","Drought","D2","0",0,"Limerick4",14.295,12.075,"DRY WEIGHT NON RM",1.18385093167702,0
"Limerick","4","Drought","D3","0",0,"Limerick4",11.145,12.075,"DRY WEIGHT NON RM",0.922981366459627,0
"Limerick","4","Drought","D4","0",0,"Limerick4",11.765,12.075,"DRY WEIGHT NON RM",0.974327122153209,0
"Limerick","4","Control","C1","0",0,"Limerick4",12.095,12.075,"DRY WEIGHT NON RM",1.00165631469979,140.165778636836
"Limerick","4","Control","C2","0",0,"Limerick4",11.225,12.075,"DRY WEIGHT NON RM",0.929606625258799,140.165778636836
"Limerick","4","Control","C3","0",0,"Limerick4",13.175,12.075,"DRY WEIGHT NON RM",1.09109730848861,140.165778636836
"Limerick","4","Control","C4","0",0,"Limerick4",11.805,12.075,"DRY WEIGHT NON RM",0.977639751552795,140.165778636836
"Limerick","5","Drought","D1","0",0,"Limerick5",14.545,16.6175,"DRY WEIGHT NON RM",0.87528208214232,0
"Limerick","5","Drought","D2","0",0,"Limerick5",6.505,16.6175,"DRY WEIGHT NON RM",0.391454791635324,0
"Limerick","5","Drought","D3","0",0,"Limerick5",12.465,16.6175,"DRY WEIGHT NON RM",0.750112832856928,0
"Limerick","5","Drought","D4","0",0,"Limerick5",5.755,16.6175,"DRY WEIGHT NON RM",0.346321648864149,0
"Limerick","5","Control","C1","0",0,"Limerick5",15.585,16.6175,"DRY WEIGHT NON RM",0.937866706785016,225.850073337518
"Limerick","5","Control","C2","0",0,"Limerick5",15.855,16.6175,"DRY WEIGHT NON RM",0.954114638182639,225.850073337518
"Limerick","5","Control","C3","0",0,"Limerick5",14.265,16.6175,"DRY WEIGHT NON RM",0.858432375507748,225.850073337518
"Limerick","5","Control","C4","0",0,"Limerick5",20.765,16.6175,"DRY WEIGHT NON RM",1.2495862795246,225.850073337518
"Cork","1","Drought","D1","0",0,"Cork1",9.845,11.5725,"DRY WEIGHT NON RM",0.850723698422986,0
"Cork","1","Drought","D2","0",0,"Cork1",4.195,11.5725,"DRY WEIGHT NON RM",0.36249729963275,0
"Cork","1","Drought","D3","0",0,"Cork1",7.635,11.5725,"DRY WEIGHT NON RM",0.659753726506805,0
"Cork","1","Drought","D4","0",0,"Cork1",4.065,11.5725,"DRY WEIGHT NON RM",0.351263771872975,0
"Cork","1","Control","C1","0",0,"Cork1",8.675,11.5725,"DRY WEIGHT NON RM",0.749621948585008,216.154336452734
"Cork","1","Control","C2","0",0,"Cork1",13.635,11.5725,"DRY WEIGHT NON RM",1.17822423849644,216.154336452734
"Cork","1","Control","C3","0",0,"Cork1",9.495,11.5725,"DRY WEIGHT NON RM",0.82047958522359,216.154336452734
"Cork","1","Control","C4","0",0,"Cork1",14.485,11.5725,"DRY WEIGHT NON RM",1.25167422769497,216.154336452734
"Cork","2","Drought","D1","0",0,"Cork2",8.655,12.48,"DRY WEIGHT NON RM",0.693509615384615,0
"Cork","2","Drought","D2","0",0,"Cork2",9.345,12.48,"DRY WEIGHT NON RM",0.748798076923077,0
"Cork","2","Drought","D3","0",0,"Cork2",12.755,12.48,"DRY WEIGHT NON RM",1.02203525641026,0
"Cork","2","Drought","D4","0",0,"Cork2",10.345,12.48,"DRY WEIGHT NON RM",0.828926282051282,0
"Cork","2","Control","C1","0",0,"Cork2",10.135,12.48,"DRY WEIGHT NON RM",0.812099358974359,237.951861379492
"Cork","2","Control","C2","0",0,"Cork2",12.835,12.48,"DRY WEIGHT NON RM",1.02844551282051,237.951861379492
"Cork","2","Control","C3","0",0,"Cork2",18.535,12.48,"DRY WEIGHT NON RM",1.48517628205128,237.951861379492
"Cork","2","Control","C4","0",0,"Cork2",8.415,12.48,"DRY WEIGHT NON RM",0.674278846153846,237.951861379492
"Cork","3","Drought","D1","0",0,"Cork3",6.485,8.9225,"DRY WEIGHT NON RM",0.726814233678902,0
"Cork","3","Drought","D2","0",0,"Cork3",9.825,8.9225,"DRY WEIGHT NON RM",1.1011487811712,0
"Cork","3","Drought","D3","0",0,"Cork3",6.035,8.9225,"DRY WEIGHT NON RM",0.676379938358084,0
"Cork","3","Drought","D4","0",0,"Cork3",4.605,8.9225,"DRY WEIGHT NON RM",0.516110955449706,0
"Cork","3","Control","C1","0",0,"Cork3",7.885,8.9225,"DRY WEIGHT NON RM",0.883720930232558,207.805730341574
"Cork","3","Control","C2","0",0,"Cork3",8.775,8.9225,"DRY WEIGHT NON RM",0.983468758755954,207.805730341574
"Cork","3","Control","C3","0",0,"Cork3",7.755,8.9225,"DRY WEIGHT NON RM",0.869151022695433,207.805730341574
"Cork","3","Control","C4","0",0,"Cork3",11.275,8.9225,"DRY WEIGHT NON RM",1.26365928831606,207.805730341574
"Cork","4","Drought","D1","0",0,"Cork4",7.275,12.845,"DRY WEIGHT NON RM",0.566368236667964,0
"Cork","4","Drought","D2","0",0,"Cork4",4.505,12.845,"DRY WEIGHT NON RM",0.350720124562086,0
"Cork","4","Drought","D3","0",0,"Cork4",10.345,12.845,"DRY WEIGHT NON RM",0.805371739976645,0
"Cork","4","Control","C1","0",0,"Cork4",15.305,12.845,"DRY WEIGHT NON RM",1.19151420786298,210.081005096635
"Cork","4","Control","C2","0",0,"Cork4",10.275,12.845,"DRY WEIGHT NON RM",0.799922148695991,210.081005096635
"Cork","4","Control","C3","0",0,"Cork4",13.355,12.845,"DRY WEIGHT NON RM",1.03970416504476,210.081005096635
"Cork","4","Control","C4","0",0,"Cork4",12.445,12.845,"DRY WEIGHT NON RM",0.968859478396263,210.081005096635
"Cork","5","Drought","D1","0",0,"Cork5",10.235,16.315,"DRY WEIGHT NON RM",0.627336806619675,0
"Cork","5","Drought","D2","0",0,"Cork5",13.655,16.315,"DRY WEIGHT NON RM",0.836959852896108,0
"Cork","5","Drought","D3","0",0,"Cork5",14.285,16.315,"DRY WEIGHT NON RM",0.875574624578609,0
"Cork","5","Drought","D4","0",0,"Cork5",15.905,16.315,"DRY WEIGHT NON RM",0.974869751762182,0
"Cork","5","Control","C1","0",0,"Cork5",18.535,16.315,"DRY WEIGHT NON RM",1.13607110021453,203.502231120585
"Cork","5","Control","C2","0",0,"Cork5",12.985,16.315,"DRY WEIGHT NON RM",0.79589334967821,203.502231120585
"Cork","5","Control","C3","0",0,"Cork5",19.685,16.315,"DRY WEIGHT NON RM",1.20655838185719,203.502231120585
"Cork","5","Control","C4","0",0,"Cork5",14.055,16.315,"DRY WEIGHT NON RM",0.861477168250077,203.502231120585
"Border","1","Drought","D1","8",8,"Border1",5.147,15.5745,"DRY WEIGHT NON RM",0.330476098751164,0
"Border","1","Drought","D2","8",8,"Border1",9.424,15.5745,"DRY WEIGHT NON RM",0.605091656232945,0
"Border","1","Drought","D3","8",8,"Border1",13.68,15.5745,"DRY WEIGHT NON RM",0.878358855822017,0
"Border","1","Drought","D4","8",8,"Border1",9.912,15.5745,"DRY WEIGHT NON RM",0.636424925358759,0
"Border","1","Control","C1","8",8,"Border1",14.67,15.5745,"DRY WEIGHT NON RM",0.941924299335452,185.780075549534
"Border","1","Control","C2","8",8,"Border1",9.586,15.5745,"DRY WEIGHT NON RM",0.615493274262416,185.780075549534
"Border","1","Control","C3","8",8,"Border1",21.833,15.5745,"DRY WEIGHT NON RM",1.4018427557867,185.780075549534
"Border","1","Control","C4","8",8,"Border1",16.209,15.5745,"DRY WEIGHT NON RM",1.04073967061543,185.780075549534
"Border","2","Drought","D1","8",8,"Border2",15.561,13.38925,"DRY WEIGHT NON RM",1.16220101947458,0
"Border","2","Drought","D2","8",8,"Border2",8.533,13.38925,"DRY WEIGHT NON RM",0.637302313423082,0
"Border","2","Drought","D3","8",8,"Border2",15.439,13.38925,"DRY WEIGHT NON RM",1.15308923203316,0
"Border","2","Drought","D4","8",8,"Border2",11.221,13.38925,"DRY WEIGHT NON RM",0.838060384263495,0
"Border","2","Control","C1","8",8,"Border2",17.8,13.38925,"DRY WEIGHT NON RM",1.32942472505928,188.335896968578
"Border","2","Control","C2","8",8,"Border2",12.769,13.38925,"DRY WEIGHT NON RM",0.953675523274269,188.335896968578
"Border","2","Control","C3","8",8,"Border2",10.52,13.38925,"DRY WEIGHT NON RM",0.785704949866497,188.335896968578
"Border","2","Control","C4","8",8,"Border2",12.468,13.38925,"DRY WEIGHT NON RM",0.931194801799951,188.335896968578
"Border","3","Drought","D1","8",8,"Border3",6.448,24.33625,"DRY WEIGHT NON RM",0.264954543119832,0
"Border","3","Drought","D2","8",8,"Border3",12.709,24.33625,"DRY WEIGHT NON RM",0.522225075761467,0
"Border","3","Drought","D3","8",8,"Border3",5.435,24.33625,"DRY WEIGHT NON RM",0.223329395449176,0
"Border","3","Drought","D4","8",8,"Border3",9.374,24.33625,"DRY WEIGHT NON RM",0.385186707072782,0
"Border","3","Control","C1","8",8,"Border3",27.769,24.33625,"DRY WEIGHT NON RM",1.14105501052956,199.039627553407
"Border","3","Control","C2","8",8,"Border3",16.248,24.33625,"DRY WEIGHT NON RM",0.667646001335456,199.039627553407
"Border","3","Control","C3","8",8,"Border3",18.788,24.33625,"DRY WEIGHT NON RM",0.772017052750526,199.039627553407
"Border","3","Control","C4","8",8,"Border3",34.54,24.33625,"DRY WEIGHT NON RM",1.41928193538446,199.039627553407
"Border","4","Drought","D1","8",8,"Border4",18.629,23.3555,"DRY WEIGHT NON RM",0.797627967716384,0
"Border","4","Drought","D2","8",8,"Border4",10.808,23.3555,"DRY WEIGHT NON RM",0.462760377641241,0
"Border","4","Drought","D3","8",8,"Border4",11.425,23.3555,"DRY WEIGHT NON RM",0.489178137911841,0
"Border","4","Drought","D4","8",8,"Border4",10.203,23.3555,"DRY WEIGHT NON RM",0.4368564149772,0
"Border","4","Control","C1","8",8,"Border4",15.829,23.3555,"DRY WEIGHT NON RM",0.677741859519171,216.97160530095
"Border","4","Control","C2","8",8,"Border4",27.377,23.3555,"DRY WEIGHT NON RM",1.17218642289825,216.97160530095
"Border","4","Control","C3","8",8,"Border4",29.616,23.3555,"DRY WEIGHT NON RM",1.2680524929888,216.97160530095
"Border","4","Control","C4","8",8,"Border4",20.6,23.3555,"DRY WEIGHT NON RM",0.882019224593779,216.97160530095
"Border","5","Drought","D1","8",8,"Border5",20.765,30.16,"DRY WEIGHT NON RM",0.688494694960212,0
"Border","5","Drought","D2","8",8,"Border5",20.075,30.16,"DRY WEIGHT NON RM",0.665616710875332,0
"Border","5","Drought","D3","8",8,"Border5",15.205,30.16,"DRY WEIGHT NON RM",0.504144562334218,0
"Border","5","Drought","D4","8",8,"Border5",18.735,30.16,"DRY WEIGHT NON RM",0.62118700265252,0
"Border","5","Control","C1","8",8,"Border5",28.555,30.16,"DRY WEIGHT NON RM",0.946783819628647,195.046963216353
"Border","5","Control","C2","8",8,"Border5",35.665,30.16,"DRY WEIGHT NON RM",1.18252652519894,195.046963216353
"Border","5","Control","C3","8",8,"Border5",29.525,30.16,"DRY WEIGHT NON RM",0.978945623342175,195.046963216353
"Border","5","Control","C4","8",8,"Border5",26.895,30.16,"DRY WEIGHT NON RM",0.891744031830239,195.046963216353
"Dublin","1","Drought","D4","8",8,"Dublin1",14.775,19.19,"DRY WEIGHT NON RM",0.769932256383533,0
"Dublin","1","Control","C1","8",8,"Dublin1",16.055,19.19,"DRY WEIGHT NON RM",0.836633663366337,177.287943840308
"Dublin","1","Control","C2","8",8,"Dublin1",27.635,19.19,"DRY WEIGHT NON RM",1.44007295466389,177.287943840308
"Dublin","1","Control","C3","8",8,"Dublin1",10.615,19.19,"DRY WEIGHT NON RM",0.553152683689421,177.287943840308
"Dublin","1","Control","C4","8",8,"Dublin1",22.455,19.19,"DRY WEIGHT NON RM",1.17014069828035,177.287943840308
"Dublin","2","Drought","D1","8",8,"Dublin2",14.705,16.1625,"DRY WEIGHT NON RM",0.909822119102861,0
"Dublin","2","Drought","D2","8",8,"Dublin2",22.705,16.1625,"DRY WEIGHT NON RM",1.40479505027069,0
"Dublin","2","Drought","D3","8",8,"Dublin2",14.695,16.1625,"DRY WEIGHT NON RM",0.909203402938902,0
"Dublin","2","Drought","D4","8",8,"Dublin2",15.185,16.1625,"DRY WEIGHT NON RM",0.939520494972931,0
"Dublin","2","Control","C1","8",8,"Dublin2",15.935,16.1625,"DRY WEIGHT NON RM",0.985924207269915,224.530735493088
"Dublin","2","Control","C2","8",8,"Dublin2",8.135,16.1625,"DRY WEIGHT NON RM",0.503325599381284,224.530735493088
"Dublin","2","Control","C3","8",8,"Dublin2",23.345,16.1625,"DRY WEIGHT NON RM",1.44439288476411,224.530735493088
"Dublin","2","Control","C4","8",8,"Dublin2",17.235,16.1625,"DRY WEIGHT NON RM",1.06635730858469,224.530735493088
"Dublin","3","Drought","D1","8",8,"Dublin3",16.685,38.0125,"DRY WEIGHT NON RM",0.438934560999671,0
"Dublin","3","Drought","D2","8",8,"Dublin3",20.765,38.0125,"DRY WEIGHT NON RM",0.546267675106873,0
"Dublin","3","Drought","D3","8",8,"Dublin3",17.145,38.0125,"DRY WEIGHT NON RM",0.451035843472542,0
"Dublin","3","Drought","D4","8",8,"Dublin3",16.635,38.0125,"DRY WEIGHT NON RM",0.437619204209142,0
"Dublin","3","Control","C1","8",8,"Dublin3",37.205,38.0125,"DRY WEIGHT NON RM",0.97875698783295,222.173375607019
"Dublin","3","Control","C2","8",8,"Dublin3",26.165,38.0125,"DRY WEIGHT NON RM",0.688326208484051,222.173375607019
"Dublin","3","Control","C3","8",8,"Dublin3",49.535,38.0125,"DRY WEIGHT NON RM",1.30312397237751,222.173375607019
"Dublin","3","Control","C4","8",8,"Dublin3",39.145,38.0125,"DRY WEIGHT NON RM",1.02979283130549,222.173375607019
"Dublin","4","Drought","D1","8",8,"Dublin4",11.895,13.5975,"DRY WEIGHT NON RM",0.874793160507446,0
"Dublin","4","Drought","D2","8",8,"Dublin4",6.885,13.5975,"DRY WEIGHT NON RM",0.506343077771649,0
"Dublin","4","Drought","D3","8",8,"Dublin4",11.745,13.5975,"DRY WEIGHT NON RM",0.863761720904578,0
"Dublin","4","Drought","D4","8",8,"Dublin4",9.735,13.5975,"DRY WEIGHT NON RM",0.715940430226145,0
"Dublin","4","Control","C1","8",8,"Dublin4",16.775,13.5975,"DRY WEIGHT NON RM",1.23368266225409,225.163606643712
"Dublin","4","Control","C2","8",8,"Dublin4",13.565,13.5975,"DRY WEIGHT NON RM",0.997609854752712,225.163606643712
"Dublin","4","Control","C3","8",8,"Dublin4",14.355,13.5975,"DRY WEIGHT NON RM",1.05570876999448,225.163606643712
"Dublin","4","Control","C4","8",8,"Dublin4",9.695,13.5975,"DRY WEIGHT NON RM",0.712998712998713,225.163606643712
"Dublin","5","Drought","D1","8",8,"Dublin5",10.315,9.195,"DRY WEIGHT NON RM",1.12180532898314,0
"Dublin","5","Drought","D2","8",8,"Dublin5",4.125,9.195,"DRY WEIGHT NON RM",0.448613376835237,0
"Dublin","5","Drought","D3","8",8,"Dublin5",10.265,9.195,"DRY WEIGHT NON RM",1.11636759108211,0
"Dublin","5","Drought","D4","8",8,"Dublin5",20.365,9.195,"DRY WEIGHT NON RM",2.21479064709081,0
"Dublin","5","Control","C1","8",8,"Dublin5",11.965,9.195,"DRY WEIGHT NON RM",1.30125067971724,223.097031593336
"Dublin","5","Control","C2","8",8,"Dublin5",8.855,9.195,"DRY WEIGHT NON RM",0.963023382272974,223.097031593336
"Dublin","5","Control","C3","8",8,"Dublin5",7.325,9.195,"DRY WEIGHT NON RM",0.796628602501359,223.097031593336
"Dublin","5","Control","C4","8",8,"Dublin5",8.635,9.195,"DRY WEIGHT NON RM",0.939097335508428,223.097031593336
"Limerick","1","Drought","D1","8",8,"Limerick1",8.715,21.715,"DRY WEIGHT NON RM",0.401335482385448,0
"Limerick","1","Drought","D2","8",8,"Limerick1",8.935,21.715,"DRY WEIGHT NON RM",0.411466728068156,0
"Limerick","1","Drought","D3","8",8,"Limerick1",8.415,21.715,"DRY WEIGHT NON RM",0.387520147363574,0
"Limerick","1","Drought","D4","8",8,"Limerick1",6.685,21.715,"DRY WEIGHT NON RM",0.307851715404099,0
"Limerick","1","Control","C1","8",8,"Limerick1",14.675,21.715,"DRY WEIGHT NON RM",0.67580013815335,250.567164420965
"Limerick","1","Control","C2","8",8,"Limerick1",32.515,21.715,"DRY WEIGHT NON RM",1.49735206078747,250.567164420965
"Limerick","1","Control","C3","8",8,"Limerick1",19.135,21.715,"DRY WEIGHT NON RM",0.881188118811881,250.567164420965
"Limerick","1","Control","C4","8",8,"Limerick1",20.535,21.715,"DRY WEIGHT NON RM",0.945659682247294,250.567164420965
"Limerick","2","Drought","D1","8",8,"Limerick2",12.665,23.3425,"DRY WEIGHT NON RM",0.542572560779694,0
"Limerick","2","Drought","D2","8",8,"Limerick2",17.915,23.3425,"DRY WEIGHT NON RM",0.767484202634679,0
"Limerick","2","Drought","D3","8",8,"Limerick2",12.995,23.3425,"DRY WEIGHT NON RM",0.556709863982007,0
"Limerick","2","Drought","D4","8",8,"Limerick2",12.855,23.3425,"DRY WEIGHT NON RM",0.550712220199207,0
"Limerick","2","Control","C1","8",8,"Limerick2",33.945,23.3425,"DRY WEIGHT NON RM",1.45421441576524,208.654193879772
"Limerick","2","Control","C2","8",8,"Limerick2",18.535,23.3425,"DRY WEIGHT NON RM",0.794045196529935,208.654193879772
"Limerick","2","Control","C3","8",8,"Limerick2",20.145,23.3425,"DRY WEIGHT NON RM",0.86301810003213,208.654193879772
"Limerick","2","Control","C4","8",8,"Limerick2",20.745,23.3425,"DRY WEIGHT NON RM",0.8887222876727,208.654193879772
"Limerick","3","Drought","D1","8",8,"Limerick3",16.235,25.4925,"DRY WEIGHT NON RM",0.636853976659802,0
"Limerick","3","Drought","D2","8",8,"Limerick3",8.415,25.4925,"DRY WEIGHT NON RM",0.330097087378641,0
"Limerick","3","Drought","D3","8",8,"Limerick3",12.875,25.4925,"DRY WEIGHT NON RM",0.505050505050505,0
"Limerick","3","Drought","D4","8",8,"Limerick3",12.265,25.4925,"DRY WEIGHT NON RM",0.481121898597627,0
"Limerick","3","Control","C1","8",8,"Limerick3",32.955,25.4925,"DRY WEIGHT NON RM",1.29273315681083,217.370493412843
"Limerick","3","Control","C2","8",8,"Limerick3",21.595,25.4925,"DRY WEIGHT NON RM",0.847111895655585,217.370493412843
"Limerick","3","Control","C3","8",8,"Limerick3",29.085,25.4925,"DRY WEIGHT NON RM",1.14092380111798,217.370493412843
"Limerick","3","Control","C4","8",8,"Limerick3",18.335,25.4925,"DRY WEIGHT NON RM",0.719231146415612,217.370493412843
"Limerick","4","Drought","D1","8",8,"Limerick4",19.065,22.73,"DRY WEIGHT NON RM",0.838759348878135,0
"Limerick","4","Drought","D2","8",8,"Limerick4",20.015,22.73,"DRY WEIGHT NON RM",0.880554333479982,0
"Limerick","4","Drought","D3","8",8,"Limerick4",23.335,22.73,"DRY WEIGHT NON RM",1.02661680598328,0
"Limerick","4","Drought","D4","8",8,"Limerick4",29.025,22.73,"DRY WEIGHT NON RM",1.27694676638803,0
"Limerick","4","Control","C1","8",8,"Limerick4",23.255,22.73,"DRY WEIGHT NON RM",1.0230972283326,140.165778636836
"Limerick","4","Control","C2","8",8,"Limerick4",22.535,22.73,"DRY WEIGHT NON RM",0.991421029476463,140.165778636836
"Limerick","4","Control","C3","8",8,"Limerick4",23.995,22.73,"DRY WEIGHT NON RM",1.05565332160141,140.165778636836
"Limerick","4","Control","C4","8",8,"Limerick4",21.135,22.73,"DRY WEIGHT NON RM",0.929828420589529,140.165778636836
"Limerick","5","Drought","D1","8",8,"Limerick5",16.745,15.595,"DRY WEIGHT NON RM",1.07374158384097,0
"Limerick","5","Drought","D2","8",8,"Limerick5",10.495,15.595,"DRY WEIGHT NON RM",0.672972106444373,0
"Limerick","5","Drought","D3","8",8,"Limerick5",16.905,15.595,"DRY WEIGHT NON RM",1.08400128246233,0
"Limerick","5","Drought","D4","8",8,"Limerick5",14.755,15.595,"DRY WEIGHT NON RM",0.946136582237897,0
"Limerick","5","Control","C1","8",8,"Limerick5",18.165,15.595,"DRY WEIGHT NON RM",1.16479640910548,225.850073337518
"Limerick","5","Control","C2","8",8,"Limerick5",14.045,15.595,"DRY WEIGHT NON RM",0.900609169605643,225.850073337518
"Limerick","5","Control","C3","8",8,"Limerick5",17.805,15.595,"DRY WEIGHT NON RM",1.14171208720744,225.850073337518
"Limerick","5","Control","C4","8",8,"Limerick5",12.365,15.595,"DRY WEIGHT NON RM",0.792882334081436,225.850073337518
"Cork","1","Drought","D1","8",8,"Cork1",7.585,16.405,"DRY WEIGHT NON RM",0.462359036879,0
"Cork","1","Drought","D2","8",8,"Cork1",6.305,16.405,"DRY WEIGHT NON RM",0.384334044498628,0
"Cork","1","Drought","D3","8",8,"Cork1",6.205,16.405,"DRY WEIGHT NON RM",0.378238341968912,0
"Cork","1","Drought","D4","8",8,"Cork1",8.925,16.405,"DRY WEIGHT NON RM",0.544041450777202,0
"Cork","1","Control","C1","8",8,"Cork1",16.515,16.405,"DRY WEIGHT NON RM",1.00670527278269,216.154336452734
"Cork","1","Control","C2","8",8,"Cork1",18.715,16.405,"DRY WEIGHT NON RM",1.14081072843645,216.154336452734
"Cork","1","Control","C3","8",8,"Cork1",12.205,16.405,"DRY WEIGHT NON RM",0.743980493751905,216.154336452734
"Cork","1","Control","C4","8",8,"Cork1",18.185,16.405,"DRY WEIGHT NON RM",1.10850350502895,216.154336452734
"Cork","2","Drought","D1","8",8,"Cork2",12.015,16.2575,"DRY WEIGHT NON RM",0.739043518376134,0
"Cork","2","Drought","D2","8",8,"Cork2",15.175,16.2575,"DRY WEIGHT NON RM",0.933415346763033,0
"Cork","2","Drought","D3","8",8,"Cork2",20.295,16.2575,"DRY WEIGHT NON RM",1.24834691680763,0
"Cork","2","Drought","D4","8",8,"Cork2",11.845,16.2575,"DRY WEIGHT NON RM",0.728586806089497,0
"Cork","2","Control","C1","8",8,"Cork2",16.835,16.2575,"DRY WEIGHT NON RM",1.03552206673843,237.951861379492
"Cork","2","Control","C2","8",8,"Cork2",13.255,16.2575,"DRY WEIGHT NON RM",0.815316007996309,237.951861379492
"Cork","2","Control","C3","8",8,"Cork2",21.965,16.2575,"DRY WEIGHT NON RM",1.35106873750577,237.951861379492
"Cork","2","Control","C4","8",8,"Cork2",12.975,16.2575,"DRY WEIGHT NON RM",0.798093187759496,237.951861379492
"Cork","3","Drought","D1","8",8,"Cork3",8.125,11.665,"DRY WEIGHT NON RM",0.696528075439348,0
"Cork","3","Drought","D2","8",8,"Cork3",6.495,11.665,"DRY WEIGHT NON RM",0.55679382768967,0
"Cork","3","Drought","D3","8",8,"Cork3",6.055,11.665,"DRY WEIGHT NON RM",0.519074153450493,0
"Cork","3","Drought","D4","8",8,"Cork3",5.285,11.665,"DRY WEIGHT NON RM",0.453064723531933,0
"Cork","3","Control","C1","8",8,"Cork3",13.685,11.665,"DRY WEIGHT NON RM",1.17316759537077,207.805730341574
"Cork","3","Control","C2","8",8,"Cork3",7.985,11.665,"DRY WEIGHT NON RM",0.684526360908701,207.805730341574
"Cork","3","Control","C3","8",8,"Cork3",9.635,11.665,"DRY WEIGHT NON RM",0.825975139305615,207.805730341574
"Cork","3","Control","C4","8",8,"Cork3",15.355,11.665,"DRY WEIGHT NON RM",1.31633090441492,207.805730341574
"Cork","4","Drought","D1","8",8,"Cork4",19.655,17.44,"DRY WEIGHT NON RM",1.12700688073395,0
"Cork","4","Drought","D2","8",8,"Cork4",15.175,17.44,"DRY WEIGHT NON RM",0.870126146788991,0
"Cork","4","Drought","D3","8",8,"Cork4",13.785,17.44,"DRY WEIGHT NON RM",0.790424311926606,0
"Cork","4","Drought","D4","8",8,"Cork4",18.815,17.44,"DRY WEIGHT NON RM",1.07884174311927,0
"Cork","4","Control","C1","8",8,"Cork4",19.015,17.44,"DRY WEIGHT NON RM",1.09030963302752,210.081005096635
"Cork","4","Control","C2","8",8,"Cork4",15.285,17.44,"DRY WEIGHT NON RM",0.876433486238532,210.081005096635
"Cork","4","Control","C3","8",8,"Cork4",17.005,17.44,"DRY WEIGHT NON RM",0.975057339449541,210.081005096635
"Cork","4","Control","C4","8",8,"Cork4",18.455,17.44,"DRY WEIGHT NON RM",1.0581995412844,210.081005096635
"Cork","5","Drought","D1","8",8,"Cork5",17.845,23.64,"DRY WEIGHT NON RM",0.754864636209814,0
"Cork","5","Drought","D2","8",8,"Cork5",18.515,23.64,"DRY WEIGHT NON RM",0.783206429780034,0
"Cork","5","Drought","D3","8",8,"Cork5",26.165,23.64,"DRY WEIGHT NON RM",1.10681049069374,0
"Cork","5","Drought","D4","8",8,"Cork5",22.165,23.64,"DRY WEIGHT NON RM",0.937605752961083,0
"Cork","5","Control","C1","8",8,"Cork5",21.995,23.64,"DRY WEIGHT NON RM",0.930414551607445,203.502231120585
"Cork","5","Control","C2","8",8,"Cork5",23.015,23.64,"DRY WEIGHT NON RM",0.973561759729272,203.502231120585
"Cork","5","Control","C3","8",8,"Cork5",29.235,23.64,"DRY WEIGHT NON RM",1.23667512690355,203.502231120585
"Cork","5","Control","C4","8",8,"Cork5",20.315,23.64,"DRY WEIGHT NON RM",0.859348561759729,203.502231120585
"Border","1","Drought","D1","16",16,"Border1",16.215,21.5575,"DRY WEIGHT NON RM",0.752174417256175,0
"Border","1","Drought","D2","16",16,"Border1",17.735,21.5575,"DRY WEIGHT NON RM",0.822683520816421,0
"Border","1","Drought","D3","16",16,"Border1",22.165,21.5575,"DRY WEIGHT NON RM",1.02818044764003,0
"Border","1","Drought","D4","16",16,"Border1",7.525,21.5575,"DRY WEIGHT NON RM",0.349066450191349,0
"Border","1","Control","C1","16",16,"Border1",20.525,21.5575,"DRY WEIGHT NON RM",0.952104835903978,185.780075549534
"Border","1","Control","C2","16",16,"Border1",25.565,21.5575,"DRY WEIGHT NON RM",1.18589817928795,185.780075549534
"Border","1","Control","C3","16",16,"Border1",20.485,21.5575,"DRY WEIGHT NON RM",0.950249333178708,185.780075549534
"Border","1","Control","C4","16",16,"Border1",19.655,21.5575,"DRY WEIGHT NON RM",0.911747651629363,185.780075549534
"Border","2","Drought","D1","16",16,"Border2",13.495,20.8875,"DRY WEIGHT NON RM",0.646080191502095,0
"Border","2","Drought","D2","16",16,"Border2",15.465,20.8875,"DRY WEIGHT NON RM",0.740394973070018,0
"Border","2","Drought","D3","16",16,"Border2",22.095,20.8875,"DRY WEIGHT NON RM",1.05780969479354,0
"Border","2","Drought","D4","16",16,"Border2",9.285,20.8875,"DRY WEIGHT NON RM",0.444524236983842,0
"Border","2","Control","C1","16",16,"Border2",22.535,20.8875,"DRY WEIGHT NON RM",1.07887492519449,188.335896968578
"Border","2","Control","C2","16",16,"Border2",22.335,20.8875,"DRY WEIGHT NON RM",1.06929982046679,188.335896968578
"Border","2","Control","C3","16",16,"Border2",25.065,20.8875,"DRY WEIGHT NON RM",1.2,188.335896968578
"Border","2","Control","C4","16",16,"Border2",13.615,20.8875,"DRY WEIGHT NON RM",0.651825254338719,188.335896968578
"Border","3","Drought","D1","16",16,"Border3",14.045,28.8575,"DRY WEIGHT NON RM",0.486701897253747,0
"Border","3","Drought","D2","16",16,"Border3",13.525,28.8575,"DRY WEIGHT NON RM",0.46868231828814,0
"Border","3","Drought","D3","16",16,"Border3",18.065,28.8575,"DRY WEIGHT NON RM",0.626007103872477,0
"Border","3","Drought","D4","16",16,"Border3",11.325,28.8575,"DRY WEIGHT NON RM",0.392445638049034,0
"Border","3","Control","C1","16",16,"Border3",34.245,28.8575,"DRY WEIGHT NON RM",1.18669323399463,199.039627553407
"Border","3","Control","C2","16",16,"Border3",28.425,28.8575,"DRY WEIGHT NON RM",0.985012561725721,199.039627553407
"Border","3","Control","C3","16",16,"Border3",25.095,28.8575,"DRY WEIGHT NON RM",0.869617950272893,199.039627553407
"Border","3","Control","C4","16",16,"Border3",27.665,28.8575,"DRY WEIGHT NON RM",0.958676254006757,199.039627553407
"Border","4","Drought","D1","16",16,"Border4",19.615,22.0075,"DRY WEIGHT NON RM",0.891287061229126,0
"Border","4","Drought","D2","16",16,"Border4",16.805,22.0075,"DRY WEIGHT NON RM",0.763603317051005,0
"Border","4","Drought","D3","16",16,"Border4",15.555,22.0075,"DRY WEIGHT NON RM",0.706804498466432,0
"Border","4","Drought","D4","16",16,"Border4",41.645,22.0075,"DRY WEIGHT NON RM",1.89230943996365,0
"Border","4","Control","C1","16",16,"Border4",18.725,22.0075,"DRY WEIGHT NON RM",0.85084630239691,216.97160530095
"Border","4","Control","C2","16",16,"Border4",19.625,22.0075,"DRY WEIGHT NON RM",0.891741451777803,216.97160530095
"Border","4","Control","C3","16",16,"Border4",30.345,22.0075,"DRY WEIGHT NON RM",1.3788481199591,216.97160530095
"Border","4","Control","C4","16",16,"Border4",19.335,22.0075,"DRY WEIGHT NON RM",0.878564125866182,216.97160530095
"Border","5","Drought","D1","16",16,"Border5",15.085,41.89,"DRY WEIGHT NON RM",0.360109811410838,0
"Border","5","Drought","D2","16",16,"Border5",14.175,41.89,"DRY WEIGHT NON RM",0.338386249701599,0
"Border","5","Drought","D3","16",16,"Border5",24.615,41.89,"DRY WEIGHT NON RM",0.587610408211984,0
"Border","5","Drought","D4","16",16,"Border5",9.925,41.89,"DRY WEIGHT NON RM",0.236930054905705,0
"Border","5","Control","C1","16",16,"Border5",39.465,41.89,"DRY WEIGHT NON RM",0.942110288851755,195.046963216353
"Border","5","Control","C2","16",16,"Border5",63.375,41.89,"DRY WEIGHT NON RM",1.51289090475054,195.046963216353
"Border","5","Control","C3","16",16,"Border5",42.165,41.89,"DRY WEIGHT NON RM",1.00656481260444,195.046963216353
"Border","5","Control","C4","16",16,"Border5",22.555,41.89,"DRY WEIGHT NON RM",0.538433993793268,195.046963216353
"Dublin","1","Drought","D1","16",16,"Dublin1",20.325,31.5325,"DRY WEIGHT NON RM",0.644573059541743,0
"Dublin","1","Drought","D2","16",16,"Dublin1",13.955,31.5325,"DRY WEIGHT NON RM",0.442559264251169,0
"Dublin","1","Drought","D3","16",16,"Dublin1",21.215,31.5325,"DRY WEIGHT NON RM",0.67279790692143,0
"Dublin","1","Drought","D4","16",16,"Dublin1",16.035,31.5325,"DRY WEIGHT NON RM",0.508522952509316,0
"Dublin","1","Control","C1","16",16,"Dublin1",29.545,31.5325,"DRY WEIGHT NON RM",0.936969793070642,177.287943840308
"Dublin","1","Control","C2","16",16,"Dublin1",38.305,31.5325,"DRY WEIGHT NON RM",1.21477840323476,177.287943840308
"Dublin","1","Control","C3","16",16,"Dublin1",20.475,31.5325,"DRY WEIGHT NON RM",0.649330056291128,177.287943840308
"Dublin","1","Control","C4","16",16,"Dublin1",37.805,31.5325,"DRY WEIGHT NON RM",1.19892174740347,177.287943840308
"Dublin","2","Drought","D1","16",16,"Dublin2",16.525,34.08125,"DRY WEIGHT NON RM",0.484870713368788,0
"Dublin","2","Drought","D2","16",16,"Dublin2",27.915,34.08125,"DRY WEIGHT NON RM",0.819072070419952,0
"Dublin","2","Drought","D3","16",16,"Dublin2",18.655,34.08125,"DRY WEIGHT NON RM",0.547368421052632,0
"Dublin","2","Drought","D4","16",16,"Dublin2",19.775,34.08125,"DRY WEIGHT NON RM",0.580231065468549,0
"Dublin","2","Control","C1","16",16,"Dublin2",18.27,34.08125,"DRY WEIGHT NON RM",0.53607188703466,224.530735493088
"Dublin","2","Control","C2","16",16,"Dublin2",40.695,34.08125,"DRY WEIGHT NON RM",1.19405831652301,224.530735493088
"Dublin","2","Control","C3","16",16,"Dublin2",31.775,34.08125,"DRY WEIGHT NON RM",0.932330827067669,224.530735493088
"Dublin","2","Control","C4","16",16,"Dublin2",45.585,34.08125,"DRY WEIGHT NON RM",1.33753896937466,224.530735493088
"Dublin","3","Drought","D1","16",16,"Dublin3",17.455,41.59875,"DRY WEIGHT NON RM",0.419603954445747,0
"Dublin","3","Drought","D2","16",16,"Dublin3",24.165,41.59875,"DRY WEIGHT NON RM",0.580906878211485,0
"Dublin","3","Drought","D3","16",16,"Dublin3",21.375,41.59875,"DRY WEIGHT NON RM",0.513837555215001,0
"Dublin","3","Drought","D4","16",16,"Dublin3",19.035,41.59875,"DRY WEIGHT NON RM",0.457585864959885,0
"Dublin","3","Control","C1","16",16,"Dublin3",40.7,41.59875,"DRY WEIGHT NON RM",0.9783947834971,222.173375607019
"Dublin","3","Control","C2","16",16,"Dublin3",43.815,41.59875,"DRY WEIGHT NON RM",1.05327684125124,222.173375607019
"Dublin","3","Control","C3","16",16,"Dublin3",39.05,41.59875,"DRY WEIGHT NON RM",0.938730130112083,222.173375607019
"Dublin","3","Control","C4","16",16,"Dublin3",42.83,41.59875,"DRY WEIGHT NON RM",1.02959824513958,222.173375607019
"Dublin","4","Drought","D1","16",16,"Dublin4",9.195,19.775,"DRY WEIGHT NON RM",0.464981036662453,0
"Dublin","4","Drought","D2","16",16,"Dublin4",10.165,19.775,"DRY WEIGHT NON RM",0.514032869785082,0
"Dublin","4","Drought","D3","16",16,"Dublin4",14.325,19.775,"DRY WEIGHT NON RM",0.724399494310999,0
"Dublin","4","Drought","D4","16",16,"Dublin4",8.325,19.775,"DRY WEIGHT NON RM",0.420986093552465,0
"Dublin","4","Control","C1","16",16,"Dublin4",22.68,19.775,"DRY WEIGHT NON RM",1.14690265486726,225.163606643712
"Dublin","4","Control","C2","16",16,"Dublin4",23.925,19.775,"DRY WEIGHT NON RM",1.20986093552465,225.163606643712
"Dublin","4","Control","C3","16",16,"Dublin4",18.09,19.775,"DRY WEIGHT NON RM",0.914791403286979,225.163606643712
"Dublin","4","Control","C4","16",16,"Dublin4",14.405,19.775,"DRY WEIGHT NON RM",0.728445006321113,225.163606643712
"Dublin","5","Drought","D1","16",16,"Dublin5",15.265,17.1225,"DRY WEIGHT NON RM",0.89151700978245,0
"Dublin","5","Drought","D2","16",16,"Dublin5",1.925,17.1225,"DRY WEIGHT NON RM",0.112425171557892,0
"Dublin","5","Drought","D3","16",16,"Dublin5",19.665,17.1225,"DRY WEIGHT NON RM",1.1484888304862,0
"Dublin","5","Drought","D4","16",16,"Dublin5",12.895,17.1225,"DRY WEIGHT NON RM",0.753102642721565,0
"Dublin","5","Control","C1","16",16,"Dublin5",22.695,17.1225,"DRY WEIGHT NON RM",1.32544897065265,223.097031593336
"Dublin","5","Control","C2","16",16,"Dublin5",15.515,17.1225,"DRY WEIGHT NON RM",0.906117681413345,223.097031593336
"Dublin","5","Control","C3","16",16,"Dublin5",15.625,17.1225,"DRY WEIGHT NON RM",0.912541976930939,223.097031593336
"Dublin","5","Control","C4","16",16,"Dublin5",14.655,17.1225,"DRY WEIGHT NON RM",0.855891371003066,223.097031593336
"Limerick","1","Drought","D1","16",16,"Limerick1",9.855,21.3475,"DRY WEIGHT NON RM",0.461646562829371,0
"Limerick","1","Drought","D2","16",16,"Limerick1",23.695,21.3475,"DRY WEIGHT NON RM",1.10996603817777,0
"Limerick","1","Drought","D3","16",16,"Limerick1",9.335,21.3475,"DRY WEIGHT NON RM",0.437287738611079,0
"Limerick","1","Drought","D4","16",16,"Limerick1",10.695,21.3475,"DRY WEIGHT NON RM",0.500995432720459,0
"Limerick","1","Control","C1","16",16,"Limerick1",18.995,21.3475,"DRY WEIGHT NON RM",0.88979974235859,250.567164420965
"Limerick","1","Control","C2","16",16,"Limerick1",27.435,21.3475,"DRY WEIGHT NON RM",1.28516219697857,250.567164420965
"Limerick","1","Control","C3","16",16,"Limerick1",17.355,21.3475,"DRY WEIGHT NON RM",0.812975758285513,250.567164420965
"Limerick","1","Control","C4","16",16,"Limerick1",21.605,21.3475,"DRY WEIGHT NON RM",1.01206230237733,250.567164420965
"Limerick","2","Drought","D1","16",16,"Limerick2",20.37,26.7075,"DRY WEIGHT NON RM",0.762707104745858,0
"Limerick","2","Drought","D2","16",16,"Limerick2",32.29,26.7075,"DRY WEIGHT NON RM",1.20902368248619,0
"Limerick","2","Drought","D3","16",16,"Limerick2",20.11,26.7075,"DRY WEIGHT NON RM",0.752972011607226,0
"Limerick","2","Drought","D4","16",16,"Limerick2",25.275,26.7075,"DRY WEIGHT NON RM",0.946363381072732,0
"Limerick","2","Control","C1","16",16,"Limerick2",27.355,26.7075,"DRY WEIGHT NON RM",1.02424412618178,208.654193879772
"Limerick","2","Control","C2","16",16,"Limerick2",25.185,26.7075,"DRY WEIGHT NON RM",0.942993541140129,208.654193879772
"Limerick","2","Control","C3","16",16,"Limerick2",27.52,26.7075,"DRY WEIGHT NON RM",1.03042216605822,208.654193879772
"Limerick","2","Control","C4","16",16,"Limerick2",26.77,26.7075,"DRY WEIGHT NON RM",1.00234016661986,208.654193879772
"Limerick","3","Drought","D1","16",16,"Limerick3",14.375,19.62125,"DRY WEIGHT NON RM",0.732624068293305,0
"Limerick","3","Drought","D2","16",16,"Limerick3",12.055,19.62125,"DRY WEIGHT NON RM",0.614384914314837,0
"Limerick","3","Drought","D3","16",16,"Limerick3",17.245,19.62125,"DRY WEIGHT NON RM",0.878894056189081,0
"Limerick","3","Drought","D4","16",16,"Limerick3",12.375,19.62125,"DRY WEIGHT NON RM",0.630693763139453,0
"Limerick","3","Control","C1","16",16,"Limerick3",17.575,19.62125,"DRY WEIGHT NON RM",0.895712556539466,217.370493412843
"Limerick","3","Control","C2","16",16,"Limerick3",18.605,19.62125,"DRY WEIGHT NON RM",0.948206663693699,217.370493412843
"Limerick","3","Control","C3","16",16,"Limerick3",25.31,19.62125,"DRY WEIGHT NON RM",1.28992801172199,217.370493412843
"Limerick","3","Control","C4","16",16,"Limerick3",16.995,19.62125,"DRY WEIGHT NON RM",0.866152768044849,217.370493412843
"Limerick","4","Drought","D1","16",16,"Limerick4",18.065,24.9725,"DRY WEIGHT NON RM",0.72339573530884,0
"Limerick","4","Drought","D2","16",16,"Limerick4",19.905,24.9725,"DRY WEIGHT NON RM",0.797076784462909,0
"Limerick","4","Drought","D3","16",16,"Limerick4",16.805,24.9725,"DRY WEIGHT NON RM",0.672940234257683,0
"Limerick","4","Drought","D4","16",16,"Limerick4",24.725,24.9725,"DRY WEIGHT NON RM",0.990089098007809,0
"Limerick","4","Control","C1","16",16,"Limerick4",31.08,24.9725,"DRY WEIGHT NON RM",1.24456902592852,140.165778636836
"Limerick","4","Control","C2","16",16,"Limerick4",21.765,24.9725,"DRY WEIGHT NON RM",0.871558714586045,140.165778636836
"Limerick","4","Control","C3","16",16,"Limerick4",26.06,24.9725,"DRY WEIGHT NON RM",1.04354790269296,140.165778636836
"Limerick","4","Control","C4","16",16,"Limerick4",20.985,24.9725,"DRY WEIGHT NON RM",0.840324356792472,140.165778636836
"Limerick","5","Drought","D1","16",16,"Limerick5",14.675,19.8125,"DRY WEIGHT NON RM",0.740694006309148,0
"Limerick","5","Drought","D2","16",16,"Limerick5",12.665,19.8125,"DRY WEIGHT NON RM",0.639242902208202,0
"Limerick","5","Drought","D3","16",16,"Limerick5",13.185,19.8125,"DRY WEIGHT NON RM",0.665488958990536,0
"Limerick","5","Drought","D4","16",16,"Limerick5",15.285,19.8125,"DRY WEIGHT NON RM",0.771482649842271,0
"Limerick","5","Control","C1","16",16,"Limerick5",21.625,19.8125,"DRY WEIGHT NON RM",1.09148264984227,225.850073337518
"Limerick","5","Control","C2","16",16,"Limerick5",23.045,19.8125,"DRY WEIGHT NON RM",1.16315457413249,225.850073337518
"Limerick","5","Control","C3","16",16,"Limerick5",17.425,19.8125,"DRY WEIGHT NON RM",0.879495268138801,225.850073337518
"Limerick","5","Control","C4","16",16,"Limerick5",17.155,19.8125,"DRY WEIGHT NON RM",0.865867507886435,225.850073337518
"Cork","1","Drought","D1","16",16,"Cork1",10.525,13.29,"DRY WEIGHT NON RM",0.791948833709556,0
"Cork","1","Drought","D2","16",16,"Cork1",6.645,13.29,"DRY WEIGHT NON RM",0.5,0
"Cork","1","Drought","D3","16",16,"Cork1",7.595,13.29,"DRY WEIGHT NON RM",0.571482317531979,0
"Cork","1","Drought","D4","16",16,"Cork1",11.505,13.29,"DRY WEIGHT NON RM",0.86568848758465,0
"Cork","1","Control","C1","16",16,"Cork1",15.745,13.29,"DRY WEIGHT NON RM",1.18472535741159,216.154336452734
"Cork","1","Control","C2","16",16,"Cork1",11.645,13.29,"DRY WEIGHT NON RM",0.876222723852521,216.154336452734
"Cork","1","Control","C3","16",16,"Cork1",10.715,13.29,"DRY WEIGHT NON RM",0.806245297215952,216.154336452734
"Cork","1","Control","C4","16",16,"Cork1",15.055,13.29,"DRY WEIGHT NON RM",1.13280662151994,216.154336452734
"Cork","2","Drought","D1","16",16,"Cork2",10.385,10.62625,"DRY WEIGHT NON RM",0.977296788613104,0
"Cork","2","Drought","D2","16",16,"Cork2",12.895,10.62625,"DRY WEIGHT NON RM",1.21350429361252,0
"Cork","2","Drought","D3","16",16,"Cork2",10.955,10.62625,"DRY WEIGHT NON RM",1.03093753676038,0
"Cork","2","Drought","D4","16",16,"Cork2",8.225,10.62625,"DRY WEIGHT NON RM",0.774026585107634,0
"Cork","2","Control","C1","16",16,"Cork2",11.015,10.62625,"DRY WEIGHT NON RM",1.0365839313022,237.951861379492
"Cork","2","Control","C2","16",16,"Cork2",12.73,10.62625,"DRY WEIGHT NON RM",1.19797670862252,237.951861379492
"Cork","2","Control","C3","16",16,"Cork2",11.975,10.62625,"DRY WEIGHT NON RM",1.1269262439713,237.951861379492
"Cork","2","Control","C4","16",16,"Cork2",6.785,10.62625,"DRY WEIGHT NON RM",0.638513116103988,237.951861379492
"Cork","3","Drought","D1","16",16,"Cork3",11.205,10.8925,"DRY WEIGHT NON RM",1.02868946522837,0
"Cork","3","Drought","D2","16",16,"Cork3",8.925,10.8925,"DRY WEIGHT NON RM",0.819371126922194,0
"Cork","3","Drought","D3","16",16,"Cork3",5.305,10.8925,"DRY WEIGHT NON RM",0.487032361716778,0
"Cork","3","Drought","D4","16",16,"Cork3",7.975,10.8925,"DRY WEIGHT NON RM",0.732155152627955,0
"Cork","3","Control","C1","16",16,"Cork3",8.965,10.8925,"DRY WEIGHT NON RM",0.823043378471425,207.805730341574
"Cork","3","Control","C2","16",16,"Cork3",10.545,10.8925,"DRY WEIGHT NON RM",0.968097314666055,207.805730341574
"Cork","3","Control","C3","16",16,"Cork3",9.625,10.8925,"DRY WEIGHT NON RM",0.883635529033739,207.805730341574
"Cork","3","Control","C4","16",16,"Cork3",14.435,10.8925,"DRY WEIGHT NON RM",1.32522377782878,207.805730341574
"Cork","4","Drought","D1","16",16,"Cork4",20.875,30.04375,"DRY WEIGHT NON RM",0.694820054087789,0
"Cork","4","Drought","D2","16",16,"Cork4",19.515,30.04375,"DRY WEIGHT NON RM",0.649552735593926,0
"Cork","4","Drought","D3","16",16,"Cork4",22.015,30.04375,"DRY WEIGHT NON RM",0.732764718119409,0
"Cork","4","Drought","D4","16",16,"Cork4",20.405,30.04375,"DRY WEIGHT NON RM",0.679176201372998,0
"Cork","4","Control","C1","16",16,"Cork4",26.685,30.04375,"DRY WEIGHT NON RM",0.888204701477013,210.081005096635
"Cork","4","Control","C2","16",16,"Cork4",34.735,30.04375,"DRY WEIGHT NON RM",1.15614728520907,210.081005096635
"Cork","4","Control","C3","16",16,"Cork4",37.63,30.04375,"DRY WEIGHT NON RM",1.25250676097358,210.081005096635
"Cork","4","Control","C4","16",16,"Cork4",21.125,30.04375,"DRY WEIGHT NON RM",0.703141252340337,210.081005096635
"Cork","5","Drought","D1","16",16,"Cork5",15.895,26.47,"DRY WEIGHT NON RM",0.600491122024934,0
"Cork","5","Drought","D2","16",16,"Cork5",21.985,26.47,"DRY WEIGHT NON RM",0.830562901397809,0
"Cork","5","Drought","D3","16",16,"Cork5",16.545,26.47,"DRY WEIGHT NON RM",0.625047223271628,0
"Cork","5","Drought","D4","16",16,"Cork5",25.465,26.47,"DRY WEIGHT NON RM",0.96203248961088,0
"Cork","5","Control","C1","16",16,"Cork5",27.085,26.47,"DRY WEIGHT NON RM",1.0232338496411,203.502231120585
"Cork","5","Control","C2","16",16,"Cork5",30.895,26.47,"DRY WEIGHT NON RM",1.16717038156403,203.502231120585
"Cork","5","Control","C3","16",16,"Cork5",27.115,26.47,"DRY WEIGHT NON RM",1.02436720816018,203.502231120585
"Cork","5","Control","C4","16",16,"Cork5",20.785,26.47,"DRY WEIGHT NON RM",0.785228560634681,203.502231120585
"Border","1","Drought","D1","32",32,"Border1",19.92,23.31625,"DRY WEIGHT NON RM",0.85433978448507,0
"Border","1","Drought","D2","32",32,"Border1",21.185,23.31625,"DRY WEIGHT NON RM",0.908593791883343,0
"Border","1","Drought","D3","32",32,"Border1",20.425,23.31625,"DRY WEIGHT NON RM",0.875998498900981,0
"Border","1","Drought","D4","32",32,"Border1",11.995,23.31625,"DRY WEIGHT NON RM",0.514448078057149,0
"Border","1","Control","C1","32",32,"Border1",20.735,23.31625,"DRY WEIGHT NON RM",0.889293947354313,185.780075549534
"Border","1","Control","C2","32",32,"Border1",19.465,23.31625,"DRY WEIGHT NON RM",0.83482549723905,185.780075549534
"Border","1","Control","C3","32",32,"Border1",27.16,23.31625,"DRY WEIGHT NON RM",1.16485283868547,185.780075549534
"Border","1","Control","C4","32",32,"Border1",25.905,23.31625,"DRY WEIGHT NON RM",1.11102771672117,185.780075549534
"Border","2","Drought","D1","32",32,"Border2",18.735,18.6675,"DRY WEIGHT NON RM",1.00361591000402,0
"Border","2","Drought","D2","32",32,"Border2",17.915,18.6675,"DRY WEIGHT NON RM",0.95968929958484,0
"Border","2","Drought","D3","32",32,"Border2",16.425,18.6675,"DRY WEIGHT NON RM",0.879871434310968,0
"Border","2","Drought","D4","32",32,"Border2",15.225,18.6675,"DRY WEIGHT NON RM",0.815588589795098,0
"Border","2","Control","C1","32",32,"Border2",23.075,18.6675,"DRY WEIGHT NON RM",1.23610553100308,188.335896968578
"Border","2","Control","C2","32",32,"Border2",19.095,18.6675,"DRY WEIGHT NON RM",1.02290076335878,188.335896968578
"Border","2","Control","C3","32",32,"Border2",17.665,18.6675,"DRY WEIGHT NON RM",0.9462970403107,188.335896968578
"Border","2","Control","C4","32",32,"Border2",14.835,18.6675,"DRY WEIGHT NON RM",0.794696665327441,188.335896968578
"Border","3","Drought","D1","32",32,"Border3",12.465,39.33625,"DRY WEIGHT NON RM",0.316883281960024,0
"Border","3","Drought","D2","32",32,"Border3",19.085,39.33625,"DRY WEIGHT NON RM",0.485175887381232,0
"Border","3","Drought","D3","32",32,"Border3",14.735,39.33625,"DRY WEIGHT NON RM",0.374590867202644,0
"Border","3","Drought","D4","32",32,"Border3",31.245,39.33625,"DRY WEIGHT NON RM",0.794305507006896,0
"Border","3","Control","C1","32",32,"Border3",39.66,39.33625,"DRY WEIGHT NON RM",1.0082303219041,199.039627553407
"Border","3","Control","C2","32",32,"Border3",32.395,39.33625,"DRY WEIGHT NON RM",0.823540627283994,199.039627553407
"Border","3","Control","C3","32",32,"Border3",38.52,39.33625,"DRY WEIGHT NON RM",0.97924942006419,199.039627553407
"Border","3","Control","C4","32",32,"Border3",46.77,39.33625,"DRY WEIGHT NON RM",1.18897963074772,199.039627553407
"Border","4","Drought","D1","32",32,"Border4",27.895,30.4675,"DRY WEIGHT NON RM",0.915565766800689,0
"Border","4","Drought","D2","32",32,"Border4",20.715,30.4675,"DRY WEIGHT NON RM",0.679904816607861,0
"Border","4","Drought","D3","32",32,"Border4",16.875,30.4675,"DRY WEIGHT NON RM",0.553868876671863,0
"Border","4","Drought","D4","32",32,"Border4",13.055,30.4675,"DRY WEIGHT NON RM",0.428489373923033,0
"Border","4","Control","C1","32",32,"Border4",32.055,30.4675,"DRY WEIGHT NON RM",1.05210470173135,216.97160530095
"Border","4","Control","C2","32",32,"Border4",25.615,30.4675,"DRY WEIGHT NON RM",0.840731927463691,216.97160530095
"Border","4","Control","C3","32",32,"Border4",36.305,30.4675,"DRY WEIGHT NON RM",1.19159760400427,216.97160530095
"Border","4","Control","C4","32",32,"Border4",27.895,30.4675,"DRY WEIGHT NON RM",0.915565766800689,216.97160530095
"Border","5","Drought","D1","32",32,"Border5",10.535,27.42125,"DRY WEIGHT NON RM",0.384191092674477,0
"Border","5","Drought","D2","32",32,"Border5",20.685,27.42125,"DRY WEIGHT NON RM",0.754341979304372,0
"Border","5","Drought","D3","32",32,"Border5",17.195,27.42125,"DRY WEIGHT NON RM",0.627068423211925,0
"Border","5","Drought","D4","32",32,"Border5",14.905,27.42125,"DRY WEIGHT NON RM",0.543556548297397,0
"Border","5","Control","C1","32",32,"Border5",31.905,27.42125,"DRY WEIGHT NON RM",1.16351369831791,195.046963216353
"Border","5","Control","C2","32",32,"Border5",29.14,27.42125,"DRY WEIGHT NON RM",1.06267949127046,195.046963216353
"Border","5","Control","C3","32",32,"Border5",30.745,27.42125,"DRY WEIGHT NON RM",1.12121073984592,195.046963216353
"Border","5","Control","C4","32",32,"Border5",17.895,27.42125,"DRY WEIGHT NON RM",0.652596070565711,195.046963216353
"Dublin","1","Drought","D1","32",32,"Dublin1",14.135,30.14375,"DRY WEIGHT NON RM",0.468919759485797,0
"Dublin","1","Drought","D2","32",32,"Dublin1",18.07,30.14375,"DRY WEIGHT NON RM",0.599460916442048,0
"Dublin","1","Drought","D3","32",32,"Dublin1",25.25,30.14375,"DRY WEIGHT NON RM",0.837652913124611,0
"Dublin","1","Drought","D4","32",32,"Dublin1",22.555,30.14375,"DRY WEIGHT NON RM",0.748247978436658,0
"Dublin","1","Control","C1","32",32,"Dublin1",31.91,30.14375,"DRY WEIGHT NON RM",1.05859423595273,177.287943840308
"Dublin","1","Control","C2","32",32,"Dublin1",41.13,30.14375,"DRY WEIGHT NON RM",1.3644619531412,177.287943840308
"Dublin","1","Control","C3","32",32,"Dublin1",20.545,30.14375,"DRY WEIGHT NON RM",0.681567489114659,177.287943840308
"Dublin","1","Control","C4","32",32,"Dublin1",26.99,30.14375,"DRY WEIGHT NON RM",0.895376321791416,177.287943840308
"Dublin","2","Drought","D1","32",32,"Dublin2",25.545,41.29375,"DRY WEIGHT NON RM",0.618616618737702,0
"Dublin","2","Drought","D2","32",32,"Dublin2",21.77,41.29375,"DRY WEIGHT NON RM",0.527198425911912,0
"Dublin","2","Drought","D3","32",32,"Dublin2",27.09,41.29375,"DRY WEIGHT NON RM",0.656031481761768,0
"Dublin","2","Drought","D4","32",32,"Dublin2",20.045,41.29375,"DRY WEIGHT NON RM",0.485424549719994,0
"Dublin","2","Control","C1","32",32,"Dublin2",22.94,41.29375,"DRY WEIGHT NON RM",0.555532011502951,224.530735493088
"Dublin","2","Control","C2","32",32,"Dublin2",38.305,41.29375,"DRY WEIGHT NON RM",0.927622218858786,224.530735493088
"Dublin","2","Control","C3","32",32,"Dublin2",62.995,41.29375,"DRY WEIGHT NON RM",1.52553352504919,224.530735493088
"Dublin","2","Control","C4","32",32,"Dublin2",40.935,41.29375,"DRY WEIGHT NON RM",0.991312244589072,224.530735493088
"Dublin","3","Drought","D1","32",32,"Dublin3",11.665,20.2025,"DRY WEIGHT NON RM",0.577403786660067,0
"Dublin","3","Drought","D2","32",32,"Dublin3",6.025,20.2025,"DRY WEIGHT NON RM",0.298230417027596,0
"Dublin","3","Drought","D3","32",32,"Dublin3",9.395,20.2025,"DRY WEIGHT NON RM",0.465041455265437,0
"Dublin","3","Drought","D4","32",32,"Dublin3",16.315,20.2025,"DRY WEIGHT NON RM",0.807573320133647,0
"Dublin","3","Control","C1","32",32,"Dublin3",27.25,20.2025,"DRY WEIGHT NON RM",1.34884296497958,222.173375607019
"Dublin","3","Control","C2","32",32,"Dublin3",21.135,20.2025,"DRY WEIGHT NON RM",1.04615765375572,222.173375607019
"Dublin","3","Control","C3","32",32,"Dublin3",21.78,20.2025,"DRY WEIGHT NON RM",1.07808439549561,222.173375607019
"Dublin","3","Control","C4","32",32,"Dublin3",10.645,20.2025,"DRY WEIGHT NON RM",0.526914985769088,222.173375607019
"Dublin","4","Drought","D1","32",32,"Dublin4",13.415,23.9925,"DRY WEIGHT NON RM",0.559133062415338,0
"Dublin","4","Drought","D2","32",32,"Dublin4",13.905,23.9925,"DRY WEIGHT NON RM",0.579556111284776,0
"Dublin","4","Drought","D3","32",32,"Dublin4",14.815,23.9925,"DRY WEIGHT NON RM",0.617484630613733,0
"Dublin","4","Drought","D4","32",32,"Dublin4",11.685,23.9925,"DRY WEIGHT NON RM",0.48702719599875,0
"Dublin","4","Control","C1","32",32,"Dublin4",26.035,23.9925,"DRY WEIGHT NON RM",1.0851307700323,225.163606643712
"Dublin","4","Control","C2","32",32,"Dublin4",19.215,23.9925,"DRY WEIGHT NON RM",0.800875273522976,225.163606643712
"Dublin","4","Control","C3","32",32,"Dublin4",28.205,23.9925,"DRY WEIGHT NON RM",1.17557570073981,225.163606643712
"Dublin","4","Control","C4","32",32,"Dublin4",22.515,23.9925,"DRY WEIGHT NON RM",0.938418255704908,225.163606643712
"Dublin","5","Drought","D1","32",32,"Dublin5",22.265,16.0675,"DRY WEIGHT NON RM",1.38571650847985,0
"Dublin","5","Drought","D2","32",32,"Dublin5",12.985,16.0675,"DRY WEIGHT NON RM",0.808153104092111,0
"Dublin","5","Drought","D3","32",32,"Dublin5",15.375,16.0675,"DRY WEIGHT NON RM",0.956900575696281,0
"Dublin","5","Drought","D4","32",32,"Dublin5",16.245,16.0675,"DRY WEIGHT NON RM",1.01104714485763,0
"Dublin","5","Control","C1","32",32,"Dublin5",16.905,16.0675,"DRY WEIGHT NON RM",1.05212385249728,223.097031593336
"Dublin","5","Control","C2","32",32,"Dublin5",16.765,16.0675,"DRY WEIGHT NON RM",1.04341061148281,223.097031593336
"Dublin","5","Control","C3","32",32,"Dublin5",16.105,16.0675,"DRY WEIGHT NON RM",1.00233390384316,223.097031593336
"Dublin","5","Control","C4","32",32,"Dublin5",14.495,16.0675,"DRY WEIGHT NON RM",0.902131632176754,223.097031593336
"Limerick","1","Drought","D1","32",32,"Limerick1",23.31,29.6025,"DRY WEIGHT NON RM",0.787433493792754,0
"Limerick","1","Drought","D2","32",32,"Limerick1",24.66,29.6025,"DRY WEIGHT NON RM",0.833037750190018,0
"Limerick","1","Drought","D3","32",32,"Limerick1",19.265,29.6025,"DRY WEIGHT NON RM",0.650789629254286,0
"Limerick","1","Drought","D4","32",32,"Limerick1",28.97,29.6025,"DRY WEIGHT NON RM",0.978633561354615,0
"Limerick","1","Control","C1","32",32,"Limerick1",37.64,29.6025,"DRY WEIGHT NON RM",1.27151423021704,250.567164420965
"Limerick","1","Control","C2","32",32,"Limerick1",31.19,29.6025,"DRY WEIGHT NON RM",1.05362722743012,250.567164420965
"Limerick","1","Control","C3","32",32,"Limerick1",28.72,29.6025,"DRY WEIGHT NON RM",0.970188328688455,250.567164420965
"Limerick","1","Control","C4","32",32,"Limerick1",20.86,29.6025,"DRY WEIGHT NON RM",0.704670213664386,250.567164420965
"Limerick","2","Drought","D1","32",32,"Limerick2",16.08,31.4225,"DRY WEIGHT NON RM",0.511735221576895,0
"Limerick","2","Drought","D2","32",32,"Limerick2",16.03,31.4225,"DRY WEIGHT NON RM",0.510144005091893,0
"Limerick","2","Drought","D3","32",32,"Limerick2",16.14,31.4225,"DRY WEIGHT NON RM",0.513644681358899,0
"Limerick","2","Drought","D4","32",32,"Limerick2",13.75,31.4225,"DRY WEIGHT NON RM",0.437584533375766,0
"Limerick","2","Control","C1","32",32,"Limerick2",29.54,31.4225,"DRY WEIGHT NON RM",0.940090699339645,208.654193879772
"Limerick","2","Control","C2","32",32,"Limerick2",36.7,31.4225,"DRY WEIGHT NON RM",1.16795289999204,208.654193879772
"Limerick","2","Control","C3","32",32,"Limerick2",37.25,31.4225,"DRY WEIGHT NON RM",1.18545628132707,208.654193879772
"Limerick","2","Control","C4","32",32,"Limerick2",22.2,31.4225,"DRY WEIGHT NON RM",0.706500119341236,208.654193879772
"Limerick","3","Drought","D1","32",32,"Limerick3",26.5,36.9425,"DRY WEIGHT NON RM",0.717330987345199,0
"Limerick","3","Drought","D2","32",32,"Limerick3",29.13,36.9425,"DRY WEIGHT NON RM",0.788522704202477,0
"Limerick","3","Drought","D3","32",32,"Limerick3",20.28,36.9425,"DRY WEIGHT NON RM",0.548961223523043,0
"Limerick","3","Drought","D4","32",32,"Limerick3",14.01,36.9425,"DRY WEIGHT NON RM",0.379238005007782,0
"Limerick","3","Control","C1","32",32,"Limerick3",30,36.9425,"DRY WEIGHT NON RM",0.812072815862489,217.370493412843
"Limerick","3","Control","C2","32",32,"Limerick3",52.99,36.9425,"DRY WEIGHT NON RM",1.43439128375178,217.370493412843
"Limerick","3","Control","C3","32",32,"Limerick3",44.73,36.9425,"DRY WEIGHT NON RM",1.21080056845097,217.370493412843
"Limerick","3","Control","C4","32",32,"Limerick3",20.05,36.9425,"DRY WEIGHT NON RM",0.542735331934763,217.370493412843
"Limerick","4","Drought","D1","32",32,"Limerick4",17.54,31.8725,"DRY WEIGHT NON RM",0.550317671974272,0
"Limerick","4","Drought","D2","32",32,"Limerick4",18.69,31.8725,"DRY WEIGHT NON RM",0.586398933249667,0
"Limerick","4","Drought","D3","32",32,"Limerick4",19.51,31.8725,"DRY WEIGHT NON RM",0.612126441289513,0
"Limerick","4","Drought","D4","32",32,"Limerick4",16.52,31.8725,"DRY WEIGHT NON RM",0.518315161973488,0
"Limerick","4","Control","C1","32",32,"Limerick4",32.17,31.8725,"DRY WEIGHT NON RM",1.0093340654169,140.165778636836
"Limerick","4","Control","C2","32",32,"Limerick4",32.67,31.8725,"DRY WEIGHT NON RM",1.02502157031924,140.165778636836
"Limerick","4","Control","C3","32",32,"Limerick4",37.64,31.8725,"DRY WEIGHT NON RM",1.18095536904855,140.165778636836
"Limerick","4","Control","C4","32",32,"Limerick4",25.01,31.8725,"DRY WEIGHT NON RM",0.784688995215311,140.165778636836
"Limerick","5","Drought","D1","32",32,"Limerick5",26.71,27.46625,"DRY WEIGHT NON RM",0.972466208528649,0
"Limerick","5","Drought","D2","32",32,"Limerick5",17.785,27.46625,"DRY WEIGHT NON RM",0.647521958767578,0
"Limerick","5","Drought","D3","32",32,"Limerick5",27.9,27.46625,"DRY WEIGHT NON RM",1.01579210849679,0
"Limerick","5","Drought","D4","32",32,"Limerick5",17.72,27.46625,"DRY WEIGHT NON RM",0.645155418013016,0
"Limerick","5","Control","C1","32",32,"Limerick5",24.045,27.46625,"DRY WEIGHT NON RM",0.87543803759159,225.850073337518
"Limerick","5","Control","C2","32",32,"Limerick5",23.51,27.46625,"DRY WEIGHT NON RM",0.855959586765576,225.850073337518
"Limerick","5","Control","C3","32",32,"Limerick5",27.25,27.46625,"DRY WEIGHT NON RM",0.992126700951167,225.850073337518
"Limerick","5","Control","C4","32",32,"Limerick5",35.06,27.46625,"DRY WEIGHT NON RM",1.27647567469167,225.850073337518
"Cork","1","Drought","D1","32",32,"Cork1",26.16,26.12,"DRY WEIGHT NON RM",1.00153139356815,0
"Cork","1","Drought","D2","32",32,"Cork1",21.14,26.12,"DRY WEIGHT NON RM",0.809341500765697,0
"Cork","1","Drought","D3","32",32,"Cork1",21.305,26.12,"DRY WEIGHT NON RM",0.815658499234303,0
"Cork","1","Drought","D4","32",32,"Cork1",21.945,26.12,"DRY WEIGHT NON RM",0.840160796324656,0
"Cork","1","Control","C1","32",32,"Cork1",31.2,26.12,"DRY WEIGHT NON RM",1.19448698315467,216.154336452734
"Cork","1","Control","C2","32",32,"Cork1",19.685,26.12,"DRY WEIGHT NON RM",0.753637059724349,216.154336452734
"Cork","1","Control","C3","32",32,"Cork1",25.365,26.12,"DRY WEIGHT NON RM",0.971094946401225,216.154336452734
"Cork","1","Control","C4","32",32,"Cork1",28.23,26.12,"DRY WEIGHT NON RM",1.08078101071976,216.154336452734
"Cork","2","Drought","D1","32",32,"Cork2",16.85,23.67,"DRY WEIGHT NON RM",0.711871567384875,0
"Cork","2","Drought","D2","32",32,"Cork2",23.745,23.67,"DRY WEIGHT NON RM",1.00316856780735,0
"Cork","2","Drought","D3","32",32,"Cork2",19.13,23.67,"DRY WEIGHT NON RM",0.808196028728348,0
"Cork","2","Drought","D4","32",32,"Cork2",13.885,23.67,"DRY WEIGHT NON RM",0.586607520067596,0
"Cork","2","Control","C1","32",32,"Cork2",19.79,23.67,"DRY WEIGHT NON RM",0.836079425433037,237.951861379492
"Cork","2","Control","C2","32",32,"Cork2",22.82,23.67,"DRY WEIGHT NON RM",0.964089564850021,237.951861379492
"Cork","2","Control","C3","32",32,"Cork2",26.51,23.67,"DRY WEIGHT NON RM",1.11998310097169,237.951861379492
"Cork","2","Control","C4","32",32,"Cork2",25.56,23.67,"DRY WEIGHT NON RM",1.07984790874525,237.951861379492
"Cork","3","Drought","D1","32",32,"Cork3",18.46,21.57125,"DRY WEIGHT NON RM",0.855768673581735,0
"Cork","3","Drought","D2","32",32,"Cork3",19.21,21.57125,"DRY WEIGHT NON RM",0.890537173320971,0
"Cork","3","Drought","D3","32",32,"Cork3",21.85,21.57125,"DRY WEIGHT NON RM",1.01292229240308,0
"Cork","3","Drought","D4","32",32,"Cork3",13.98,21.57125,"DRY WEIGHT NON RM",0.648084835139364,0
"Cork","3","Control","C1","32",32,"Cork3",20.9,21.57125,"DRY WEIGHT NON RM",0.968882192733383,207.805730341574
"Cork","3","Control","C2","32",32,"Cork3",20.55,21.57125,"DRY WEIGHT NON RM",0.952656892855073,207.805730341574
"Cork","3","Control","C3","32",32,"Cork3",19.175,21.57125,"DRY WEIGHT NON RM",0.88891464333314,207.805730341574
"Cork","3","Control","C4","32",32,"Cork3",25.66,21.57125,"DRY WEIGHT NON RM",1.1895462710784,207.805730341574
"Cork","4","Drought","D1","32",32,"Cork4",14.495,28.5325,"DRY WEIGHT NON RM",0.508017173398756,0
"Cork","4","Drought","D2","32",32,"Cork4",15.455,28.5325,"DRY WEIGHT NON RM",0.541663015859108,0
"Cork","4","Drought","D3","32",32,"Cork4",12.895,28.5325,"DRY WEIGHT NON RM",0.451940769298169,0
"Cork","4","Drought","D4","32",32,"Cork4",11.435,28.5325,"DRY WEIGHT NON RM",0.400771050556383,0
"Cork","4","Control","C1","32",32,"Cork4",30.61,28.5325,"DRY WEIGHT NON RM",1.07281170594936,210.081005096635
"Cork","4","Control","C2","32",32,"Cork4",25.43,28.5325,"DRY WEIGHT NON RM",0.891264347673705,210.081005096635
"Cork","4","Control","C3","32",32,"Cork4",25.61,28.5325,"DRY WEIGHT NON RM",0.897572943135021,210.081005096635
"Cork","4","Control","C4","32",32,"Cork4",32.48,28.5325,"DRY WEIGHT NON RM",1.13835100324192,210.081005096635
"Cork","5","Drought","D1","32",32,"Cork5",32.65,34.07,"DRY WEIGHT NON RM",0.958321103610214,0
"Cork","5","Drought","D2","32",32,"Cork5",21.58,34.07,"DRY WEIGHT NON RM",0.6334018197828,0
"Cork","5","Drought","D3","32",32,"Cork5",28.31,34.07,"DRY WEIGHT NON RM",0.830936307601996,0
"Cork","5","Drought","D4","32",32,"Cork5",29,34.07,"DRY WEIGHT NON RM",0.851188729087173,0
"Cork","5","Control","C1","32",32,"Cork5",23.06,34.07,"DRY WEIGHT NON RM",0.676841796301732,203.502231120585
"Cork","5","Control","C2","32",32,"Cork5",41.2,34.07,"DRY WEIGHT NON RM",1.2092750220135,203.502231120585
"Cork","5","Control","C3","32",32,"Cork5",31.86,34.07,"DRY WEIGHT NON RM",0.93513354857646,203.502231120585
"Cork","5","Control","C4","32",32,"Cork5",40.16,34.07,"DRY WEIGHT NON RM",1.17874963310831,203.502231120585
"Border","1","Drought","D1","64",64,"Border1",30.82,37.8475,"DRY WEIGHT NON RM",0.814320628839421,0
"Border","1","Drought","D2","64",64,"Border1",26.61,37.8475,"DRY WEIGHT NON RM",0.70308474800185,0
"Border","1","Drought","D3","64",64,"Border1",24.69,37.8475,"DRY WEIGHT NON RM",0.652354845102054,0
"Border","1","Drought","D4","64",64,"Border1",22.79,37.8475,"DRY WEIGHT NON RM",0.602153378690799,0
"Border","1","Control","C1","64",64,"Border1",35.16,37.8475,"DRY WEIGHT NON RM",0.9289913468525,185.780075549534
"Border","1","Control","C2","64",64,"Border1",35.79,37.8475,"DRY WEIGHT NON RM",0.945637096241496,185.780075549534
"Border","1","Control","C3","64",64,"Border1",43.39,37.8475,"DRY WEIGHT NON RM",1.14644296188652,185.780075549534
"Border","1","Control","C4","64",64,"Border1",37.05,37.8475,"DRY WEIGHT NON RM",0.978928595019486,185.780075549534
"Border","2","Drought","D1","64",64,"Border2",23.64,33.85,"DRY WEIGHT NON RM",0.698375184638109,0
"Border","2","Drought","D2","64",64,"Border2",25.04,33.85,"DRY WEIGHT NON RM",0.7397341211226,0
"Border","2","Drought","D3","64",64,"Border2",23.17,33.85,"DRY WEIGHT NON RM",0.684490398818316,0
"Border","2","Drought","D4","64",64,"Border2",21.59,33.85,"DRY WEIGHT NON RM",0.63781388478582,0
"Border","2","Control","C1","64",64,"Border2",33.39,33.85,"DRY WEIGHT NON RM",0.986410635155096,188.335896968578
"Border","2","Control","C2","64",64,"Border2",38.89,33.85,"DRY WEIGHT NON RM",1.14889217134417,188.335896968578
"Border","2","Control","C3","64",64,"Border2",32.86,33.85,"DRY WEIGHT NON RM",0.970753323485967,188.335896968578
"Border","2","Control","C4","64",64,"Border2",30.26,33.85,"DRY WEIGHT NON RM",0.893943870014771,188.335896968578
"Border","3","Drought","D1","64",64,"Border3",35.48,50.2975,"DRY WEIGHT NON RM",0.705402853024504,0
"Border","3","Drought","D2","64",64,"Border3",37.88,50.2975,"DRY WEIGHT NON RM",0.753118942293355,0
"Border","3","Drought","D3","64",64,"Border3",30.13,50.2975,"DRY WEIGHT NON RM",0.599035737362692,0
"Border","3","Drought","D4","64",64,"Border3",44.41,50.2975,"DRY WEIGHT NON RM",0.882946468512351,0
"Border","3","Control","C1","64",64,"Border3",52.11,50.2975,"DRY WEIGHT NON RM",1.03603558824991,199.039627553407
"Border","3","Control","C2","64",64,"Border3",49.32,50.2975,"DRY WEIGHT NON RM",0.980565634474875,199.039627553407
"Border","3","Control","C3","64",64,"Border3",41.19,50.2975,"DRY WEIGHT NON RM",0.818927382076644,199.039627553407
"Border","3","Control","C4","64",64,"Border3",58.57,50.2975,"DRY WEIGHT NON RM",1.16447139519857,199.039627553407
"Border","4","Drought","D1","64",64,"Border4",24.91,28.5825,"DRY WEIGHT NON RM",0.871512288988017,0
"Border","4","Drought","D2","64",64,"Border4",23.12,28.5825,"DRY WEIGHT NON RM",0.808886556459372,0
"Border","4","Drought","D3","64",64,"Border4",21.72,28.5825,"DRY WEIGHT NON RM",0.759905536604566,0
"Border","4","Drought","D4","64",64,"Border4",23.02,28.5825,"DRY WEIGHT NON RM",0.805387912184029,0
"Border","4","Control","C1","64",64,"Border4",17.8,28.5825,"DRY WEIGHT NON RM",0.622758681011108,216.97160530095
"Border","4","Control","C2","64",64,"Border4",23.37,28.5825,"DRY WEIGHT NON RM",0.81763316714773,216.97160530095
"Border","4","Control","C3","64",64,"Border4",33.76,28.5825,"DRY WEIGHT NON RM",1.1811423073559,216.97160530095
"Border","4","Control","C4","64",64,"Border4",39.4,28.5825,"DRY WEIGHT NON RM",1.37846584448526,216.97160530095
"Border","5","Drought","D1","64",64,"Border5",24.56,19.4675,"DRY WEIGHT NON RM",1.26158982920252,0
"Border","5","Drought","D2","64",64,"Border5",13.34,19.4675,"DRY WEIGHT NON RM",0.685244638500064,0
"Border","5","Drought","D3","64",64,"Border5",14.71,19.4675,"DRY WEIGHT NON RM",0.755618338256068,0
"Border","5","Drought","D4","64",64,"Border5",9.31,19.4675,"DRY WEIGHT NON RM",0.478232952356492,0
"Border","5","Control","C1","64",64,"Border5",19.39,19.4675,"DRY WEIGHT NON RM",0.9960190060357,195.046963216353
"Border","5","Control","C2","64",64,"Border5",27.83,19.4675,"DRY WEIGHT NON RM",1.42956209066393,195.046963216353
"Border","5","Control","C3","64",64,"Border5",18.12,19.4675,"DRY WEIGHT NON RM",0.930782072685245,195.046963216353
"Border","5","Control","C4","64",64,"Border5",12.53,19.4675,"DRY WEIGHT NON RM",0.643636830615128,195.046963216353
"Dublin","1","Drought","D1","64",64,"Dublin1",17.67,41.055,"DRY WEIGHT NON RM",0.430398246255024,0
"Dublin","1","Drought","D2","64",64,"Dublin1",30.05,41.055,"DRY WEIGHT NON RM",0.731944951893801,0
"Dublin","1","Drought","D3","64",64,"Dublin1",20.55,41.055,"DRY WEIGHT NON RM",0.500548045305079,0
"Dublin","1","Drought","D4","64",64,"Dublin1",20.26,41.055,"DRY WEIGHT NON RM",0.493484350261844,0
"Dublin","1","Control","C1","64",64,"Dublin1",40,41.055,"DRY WEIGHT NON RM",0.974302764584094,177.287943840308
"Dublin","1","Control","C2","64",64,"Dublin1",52.4,41.055,"DRY WEIGHT NON RM",1.27633662160516,177.287943840308
"Dublin","1","Control","C3","64",64,"Dublin1",21.81,41.055,"DRY WEIGHT NON RM",0.531238582389478,177.287943840308
"Dublin","1","Control","C4","64",64,"Dublin1",50.01,41.055,"DRY WEIGHT NON RM",1.21812203142126,177.287943840308
"Dublin","2","Drought","D1","64",64,"Dublin2",32.48,57.8625,"DRY WEIGHT NON RM",0.561330740980773,0
"Dublin","2","Drought","D2","64",64,"Dublin2",15.43,57.8625,"DRY WEIGHT NON RM",0.266666666666667,0
"Dublin","2","Drought","D3","64",64,"Dublin2",37.08,57.8625,"DRY WEIGHT NON RM",0.640829552819183,0
"Dublin","2","Drought","D4","64",64,"Dublin2",27.84,57.8625,"DRY WEIGHT NON RM",0.481140635126377,0
"Dublin","2","Control","C1","64",64,"Dublin2",42.49,57.8625,"DRY WEIGHT NON RM",0.734327068481314,224.530735493088
"Dublin","2","Control","C2","64",64,"Dublin2",49.15,57.8625,"DRY WEIGHT NON RM",0.849427522143011,224.530735493088
"Dublin","2","Control","C3","64",64,"Dublin2",102.58,57.8625,"DRY WEIGHT NON RM",1.77282350399654,224.530735493088
"Dublin","2","Control","C4","64",64,"Dublin2",37.23,57.8625,"DRY WEIGHT NON RM",0.643421905379132,224.530735493088
"Dublin","3","Drought","D1","64",64,"Dublin3",10.2,16.55,"DRY WEIGHT NON RM",0.61631419939577,0
"Dublin","3","Drought","D2","64",64,"Dublin3",6.76,16.55,"DRY WEIGHT NON RM",0.408459214501511,0
"Dublin","3","Drought","D3","64",64,"Dublin3",8.31,16.55,"DRY WEIGHT NON RM",0.502114803625378,0
"Dublin","3","Drought","D4","64",64,"Dublin3",12.19,16.55,"DRY WEIGHT NON RM",0.736555891238671,0
"Dublin","3","Control","C1","64",64,"Dublin3",27.79,16.55,"DRY WEIGHT NON RM",1.67915407854985,222.173375607019
"Dublin","3","Control","C2","64",64,"Dublin3",7.6,16.55,"DRY WEIGHT NON RM",0.459214501510574,222.173375607019
"Dublin","3","Control","C3","64",64,"Dublin3",21.16,16.55,"DRY WEIGHT NON RM",1.2785498489426,222.173375607019
"Dublin","3","Control","C4","64",64,"Dublin3",9.65,16.55,"DRY WEIGHT NON RM",0.583081570996979,222.173375607019
"Dublin","4","Drought","D1","64",64,"Dublin4",22.95,36.1025,"DRY WEIGHT NON RM",0.63569004916557,0
"Dublin","4","Drought","D2","64",64,"Dublin4",20.67,36.1025,"DRY WEIGHT NON RM",0.572536527941278,0
"Dublin","4","Drought","D3","64",64,"Dublin4",27.47,36.1025,"DRY WEIGHT NON RM",0.760889135101447,0
"Dublin","4","Drought","D4","64",64,"Dublin4",21.78,36.1025,"DRY WEIGHT NON RM",0.603282321168894,0
"Dublin","4","Control","C1","64",64,"Dublin4",34.52,36.1025,"DRY WEIGHT NON RM",0.956166470466034,225.163606643712
"Dublin","4","Control","C2","64",64,"Dublin4",37.22,36.1025,"DRY WEIGHT NON RM",1.03095353507375,225.163606643712
"Dublin","4","Control","C3","64",64,"Dublin4",32.11,36.1025,"DRY WEIGHT NON RM",0.889412090575445,225.163606643712
"Dublin","4","Control","C4","64",64,"Dublin4",40.56,36.1025,"DRY WEIGHT NON RM",1.12346790388477,225.163606643712
"Dublin","5","Drought","D1","64",64,"Dublin5",20.75,29.2775,"DRY WEIGHT NON RM",0.708735376995987,0
"Dublin","5","Drought","D2","64",64,"Dublin5",23.94,29.2775,"DRY WEIGHT NON RM",0.817692767483562,0
"Dublin","5","Drought","D3","64",64,"Dublin5",30.76,29.2775,"DRY WEIGHT NON RM",1.05063615404321,0
"Dublin","5","Drought","D4","64",64,"Dublin5",14.55,29.2775,"DRY WEIGHT NON RM",0.496968661941764,0
"Dublin","5","Control","C1","64",64,"Dublin5",40.61,29.2775,"DRY WEIGHT NON RM",1.38707198360516,223.097031593336
"Dublin","5","Control","C2","64",64,"Dublin5",31.32,29.2775,"DRY WEIGHT NON RM",1.06976347024165,223.097031593336
"Dublin","5","Control","C3","64",64,"Dublin5",21,29.2775,"DRY WEIGHT NON RM",0.717274357441721,223.097031593336
"Dublin","5","Control","C4","64",64,"Dublin5",24.18,29.2775,"DRY WEIGHT NON RM",0.825890188711468,223.097031593336
"Limerick","1","Drought","D1","64",64,"Limerick1",22.298,37.72325,"DRY WEIGHT NON RM",0.591094351626649,0
"Limerick","1","Drought","D2","64",64,"Limerick1",25.03,37.72325,"DRY WEIGHT NON RM",0.663516531581982,0
"Limerick","1","Drought","D3","64",64,"Limerick1",16.72,37.72325,"DRY WEIGHT NON RM",0.443227982742738,0
"Limerick","1","Control","C1","64",64,"Limerick1",30,37.72325,"DRY WEIGHT NON RM",0.795265519275248,250.567164420965
"Limerick","1","Control","C2","64",64,"Limerick1",32.85,37.72325,"DRY WEIGHT NON RM",0.870815743606397,250.567164420965
"Limerick","1","Control","C3","64",64,"Limerick1",46.67,37.72325,"DRY WEIGHT NON RM",1.23716805948586,250.567164420965
"Limerick","1","Control","C4","64",64,"Limerick1",41.373,37.72325,"DRY WEIGHT NON RM",1.09675067763249,250.567164420965
"Limerick","2","Drought","D1","64",64,"Limerick2",31.12,50.71075,"DRY WEIGHT NON RM",0.613676587311369,0
"Limerick","2","Drought","D2","64",64,"Limerick2",22.976,50.71075,"DRY WEIGHT NON RM",0.453079475259191,0
"Limerick","2","Drought","D3","64",64,"Limerick2",26.014,50.71075,"DRY WEIGHT NON RM",0.512987877323842,0
"Limerick","2","Drought","D4","64",64,"Limerick2",17.848,50.71075,"DRY WEIGHT NON RM",0.351956932208654,0
"Limerick","2","Control","C1","64",64,"Limerick2",65.81,50.71075,"DRY WEIGHT NON RM",1.29775244893834,208.654193879772
"Limerick","2","Control","C2","64",64,"Limerick2",39.008,50.71075,"DRY WEIGHT NON RM",0.769225460084893,208.654193879772
"Limerick","2","Control","C3","64",64,"Limerick2",63.582,50.71075,"DRY WEIGHT NON RM",1.25381699146631,208.654193879772
"Limerick","2","Control","C4","64",64,"Limerick2",34.443,50.71075,"DRY WEIGHT NON RM",0.679205099510459,208.654193879772
"Limerick","3","Drought","D1","64",64,"Limerick3",24.14,41.05175,"DRY WEIGHT NON RM",0.588038268770515,0
"Limerick","3","Drought","D2","64",64,"Limerick3",29.83,41.05175,"DRY WEIGHT NON RM",0.726643809338213,0
"Limerick","3","Drought","D3","64",64,"Limerick3",26.49,41.05175,"DRY WEIGHT NON RM",0.645283087809899,0
"Limerick","3","Drought","D4","64",64,"Limerick3",28.79,41.05175,"DRY WEIGHT NON RM",0.701309931976103,0
"Limerick","3","Control","C1","64",64,"Limerick3",54.857,41.05175,"DRY WEIGHT NON RM",1.33628895235891,217.370493412843
"Limerick","3","Control","C2","64",64,"Limerick3",41.415,41.05175,"DRY WEIGHT NON RM",1.00884858745364,217.370493412843
"Limerick","3","Control","C3","64",64,"Limerick3",35.07,41.05175,"DRY WEIGHT NON RM",0.854287576047306,217.370493412843
"Limerick","3","Control","C4","64",64,"Limerick3",32.865,41.05175,"DRY WEIGHT NON RM",0.80057488414014,217.370493412843
"Limerick","4","Drought","D1","64",64,"Limerick4",12.956,31.329,"DRY WEIGHT NON RM",0.413546554310703,0
"Limerick","4","Drought","D2","64",64,"Limerick4",33.12,31.329,"DRY WEIGHT NON RM",1.05716748060902,0
"Limerick","4","Drought","D3","64",64,"Limerick4",25.233,31.329,"DRY WEIGHT NON RM",0.805419898496601,0
"Limerick","4","Drought","D4","64",64,"Limerick4",19.918,31.329,"DRY WEIGHT NON RM",0.635768776532925,0
"Limerick","4","Control","C1","64",64,"Limerick4",37.817,31.329,"DRY WEIGHT NON RM",1.20709247023525,140.165778636836
"Limerick","4","Control","C2","64",64,"Limerick4",25.746,31.329,"DRY WEIGHT NON RM",0.821794503495164,140.165778636836
"Limerick","4","Control","C3","64",64,"Limerick4",36.94,31.329,"DRY WEIGHT NON RM",1.17909923712854,140.165778636836
"Limerick","4","Control","C4","64",64,"Limerick4",24.813,31.329,"DRY WEIGHT NON RM",0.792013789141051,140.165778636836
"Limerick","5","Drought","D1","64",64,"Limerick5",27.5,36.53375,"DRY WEIGHT NON RM",0.752728641324802,0
"Limerick","5","Drought","D2","64",64,"Limerick5",30.14,36.53375,"DRY WEIGHT NON RM",0.824990590891983,0
"Limerick","5","Drought","D3","64",64,"Limerick5",27.346,36.53375,"DRY WEIGHT NON RM",0.748513360933384,0
"Limerick","5","Drought","D4","64",64,"Limerick5",25.24,36.53375,"DRY WEIGHT NON RM",0.6908680329832,0
"Limerick","5","Control","C1","64",64,"Limerick5",29.557,36.53375,"DRY WEIGHT NON RM",0.809032743695898,225.850073337518
"Limerick","5","Control","C2","64",64,"Limerick5",52.204,36.53375,"DRY WEIGHT NON RM",1.42892530878982,225.850073337518
"Limerick","5","Control","C3","64",64,"Limerick5",37.55,36.53375,"DRY WEIGHT NON RM",1.02781674479078,225.850073337518
"Limerick","5","Control","C4","64",64,"Limerick5",26.824,36.53375,"DRY WEIGHT NON RM",0.734225202723509,225.850073337518
"Cork","1","Drought","D1","64",64,"Cork1",22.144,32.963,"DRY WEIGHT NON RM",0.671783514849983,0
"Cork","1","Drought","D2","64",64,"Cork1",19.362,32.963,"DRY WEIGHT NON RM",0.587385856869824,0
"Cork","1","Drought","D3","64",64,"Cork1",26.175,32.963,"DRY WEIGHT NON RM",0.794072141491976,0
"Cork","1","Drought","D4","64",64,"Cork1",30.269,32.963,"DRY WEIGHT NON RM",0.918272001941571,0
"Cork","1","Control","C1","64",64,"Cork1",38.836,32.963,"DRY WEIGHT NON RM",1.17816946273094,216.154336452734
"Cork","1","Control","C2","64",64,"Cork1",26.196,32.963,"DRY WEIGHT NON RM",0.794709219427843,216.154336452734
"Cork","1","Control","C3","64",64,"Cork1",30.192,32.963,"DRY WEIGHT NON RM",0.915936049510057,216.154336452734
"Cork","1","Control","C4","64",64,"Cork1",36.628,32.963,"DRY WEIGHT NON RM",1.11118526833116,216.154336452734
"Cork","2","Drought","D1","64",64,"Cork2",19.739,33.7835,"DRY WEIGHT NON RM",0.584279307946187,0
"Cork","2","Drought","D2","64",64,"Cork2",17.795,33.7835,"DRY WEIGHT NON RM",0.526736424585966,0
"Cork","2","Drought","D3","64",64,"Cork2",22.525,33.7835,"DRY WEIGHT NON RM",0.666745600663045,0
"Cork","2","Drought","D4","64",64,"Cork2",15.962,33.7835,"DRY WEIGHT NON RM",0.472479168825018,0
"Cork","2","Control","C1","64",64,"Cork2",30.356,33.7835,"DRY WEIGHT NON RM",0.898545147779241,237.951861379492
"Cork","2","Control","C2","64",64,"Cork2",37.585,33.7835,"DRY WEIGHT NON RM",1.1125253452129,237.951861379492
"Cork","2","Control","C3","64",64,"Cork2",30.015,33.7835,"DRY WEIGHT NON RM",0.888451462992289,237.951861379492
"Cork","2","Control","C4","64",64,"Cork2",37.178,33.7835,"DRY WEIGHT NON RM",1.10047804401557,237.951861379492
"Cork","3","Drought","D1","64",64,"Cork3",18,22.54,"DRY WEIGHT NON RM",0.798580301685892,0
"Cork","3","Drought","D2","64",64,"Cork3",20.765,22.54,"DRY WEIGHT NON RM",0.921251109139308,0
"Cork","3","Drought","D3","64",64,"Cork3",25.529,22.54,"DRY WEIGHT NON RM",1.13260869565217,0
"Cork","3","Drought","D4","64",64,"Cork3",12.5,22.54,"DRY WEIGHT NON RM",0.554569653948536,0
"Cork","3","Control","C1","64",64,"Cork3",19.049,22.54,"DRY WEIGHT NON RM",0.845119787045253,207.805730341574
"Cork","3","Control","C2","64",64,"Cork3",22.99,22.54,"DRY WEIGHT NON RM",1.01996450754215,207.805730341574
"Cork","3","Control","C3","64",64,"Cork3",21.786,22.54,"DRY WEIGHT NON RM",0.966548358473824,207.805730341574
"Cork","3","Control","C4","64",64,"Cork3",26.335,22.54,"DRY WEIGHT NON RM",1.16836734693878,207.805730341574
"Cork","4","Drought","D1","64",64,"Cork4",32.615,34.76575,"DRY WEIGHT NON RM",0.938135952769608,0
"Cork","4","Drought","D2","64",64,"Cork4",15.145,34.76575,"DRY WEIGHT NON RM",0.435629894364425,0
"Cork","4","Drought","D3","64",64,"Cork4",36.68,34.76575,"DRY WEIGHT NON RM",1.05506137506022,0
"Cork","4","Drought","D4","64",64,"Cork4",21.735,34.76575,"DRY WEIGHT NON RM",0.625184269000381,0
"Cork","4","Control","C1","64",64,"Cork4",30.789,34.76575,"DRY WEIGHT NON RM",0.88561299554878,210.081005096635
"Cork","4","Control","C2","64",64,"Cork4",40.6,34.76575,"DRY WEIGHT NON RM",1.16781602583002,210.081005096635
"Cork","4","Control","C3","64",64,"Cork4",32.582,34.76575,"DRY WEIGHT NON RM",0.937186742699352,210.081005096635
"Cork","4","Control","C4","64",64,"Cork4",35.092,34.76575,"DRY WEIGHT NON RM",1.00938423592185,210.081005096635
"Cork","5","Drought","D1","64",64,"Cork5",22.621,29.2805,"DRY WEIGHT NON RM",0.772561943955875,0
"Cork","5","Drought","D2","64",64,"Cork5",16.429,29.2805,"DRY WEIGHT NON RM",0.561090145318557,0
"Cork","5","Drought","D3","64",64,"Cork5",16.515,29.2805,"DRY WEIGHT NON RM",0.564027253632964,0
"Cork","5","Drought","D4","64",64,"Cork5",17.559,29.2805,"DRY WEIGHT NON RM",0.599682382472977,0
"Cork","5","Control","C1","64",64,"Cork5",20.073,29.2805,"DRY WEIGHT NON RM",0.685541572035997,203.502231120585
"Cork","5","Control","C2","64",64,"Cork5",35.833,29.2805,"DRY WEIGHT NON RM",1.22378374686225,203.502231120585
"Cork","5","Control","C3","64",64,"Cork5",34.218,29.2805,"DRY WEIGHT NON RM",1.16862758491146,203.502231120585
"Cork","5","Control","C4","64",64,"Cork5",26.998,29.2805,"DRY WEIGHT NON RM",0.922047096190297,203.502231120585
